User,Question,Segment Type,Segment Description,Answer,Count,Percentage
1,"You open ur phone and have a notif badge on instagram, facebook, snapchat, and linkedin...which do you click first?",Mobile,Mobile respondents,Instagram,2559,0.273
2,"You open ur phone and have a notif badge on instagram, facebook, snapchat, and linkedin...which do you click first?",Mobile,Mobile respondents,Facebook,1182,0.126
3,"You open ur phone and have a notif badge on instagram, facebook, snapchat, and linkedin...which do you click first?",Mobile,Mobile respondents,Snapchat,5423,0.579
4,"You open ur phone and have a notif badge on instagram, facebook, snapchat, and linkedin...which do you click first?",Mobile,Mobile respondents,Linkedin,210,0.022
5,"You open ur phone and have a notif badge on instagram, facebook, snapchat, and linkedin...which do you click first?",Web,Web-based respondents,Instagram,30,0.256
6,"You open ur phone and have a notif badge on instagram, facebook, snapchat, and linkedin...which do you click first?",Web,Web-based respondents,Facebook,32,0.274
7,"You open ur phone and have a notif badge on instagram, facebook, snapchat, and linkedin...which do you click first?",Web,Web-based respondents,Snapchat,47,0.402
8,"You open ur phone and have a notif badge on instagram, facebook, snapchat, and linkedin...which do you click first?",Web,Web-based respondents,Linkedin,8,0.068
9,"You open ur phone and have a notif badge on instagram, facebook, snapchat, and linkedin...which do you click first?",Gender,Female respondents,Instagram,1576,0.3
10,"You open ur phone and have a notif badge on instagram, facebook, snapchat, and linkedin...which do you click first?",Gender,Female respondents,Facebook,644,0.122
11,"You open ur phone and have a notif badge on instagram, facebook, snapchat, and linkedin...which do you click first?",Gender,Female respondents,Snapchat,2967,0.564
12,"You open ur phone and have a notif badge on instagram, facebook, snapchat, and linkedin...which do you click first?",Gender,Female respondents,Linkedin,73,0.014
13,"You open ur phone and have a notif badge on instagram, facebook, snapchat, and linkedin...which do you click first?",Gender,Male respondents,Instagram,1008,0.24
14,"You open ur phone and have a notif badge on instagram, facebook, snapchat, and linkedin...which do you click first?",Gender,Male respondents,Facebook,565,0.135
15,"You open ur phone and have a notif badge on instagram, facebook, snapchat, and linkedin...which do you click first?",Gender,Male respondents,Snapchat,2483,0.591
16,"You open ur phone and have a notif badge on instagram, facebook, snapchat, and linkedin...which do you click first?",Gender,Male respondents,Linkedin,142,0.034
17,"You open ur phone and have a notif badge on instagram, facebook, snapchat, and linkedin...which do you click first?",University,John Glenn High School,Instagram,0,0
18,"You open ur phone and have a notif badge on instagram, facebook, snapchat, and linkedin...which do you click first?",University,John Glenn High School,Facebook,0,0
19,"You open ur phone and have a notif badge on instagram, facebook, snapchat, and linkedin...which do you click first?",University,John Glenn High School,Snapchat,0,0
20,"You open ur phone and have a notif badge on instagram, facebook, snapchat, and linkedin...which do you click first?",University,John Glenn High School,Linkedin,1,1
21,"You open ur phone and have a notif badge on instagram, facebook, snapchat, and linkedin...which do you click first?",University,Alfred State University,Instagram,0,0
22,"You open ur phone and have a notif badge on instagram, facebook, snapchat, and linkedin...which do you click first?",University,Alfred State University,Facebook,1,1
23,"You open ur phone and have a notif badge on instagram, facebook, snapchat, and linkedin...which do you click first?",University,Alfred State University,Snapchat,0,0
24,"You open ur phone and have a notif badge on instagram, facebook, snapchat, and linkedin...which do you click first?",University,Alfred State University,Linkedin,0,0
25,"You open ur phone and have a notif badge on instagram, facebook, snapchat, and linkedin...which do you click first?",University,Johns Hopkins University,Instagram,2,0.053
26,"You open ur phone and have a notif badge on instagram, facebook, snapchat, and linkedin...which do you click first?",University,Johns Hopkins University,Facebook,14,0.368
27,"You open ur phone and have a notif badge on instagram, facebook, snapchat, and linkedin...which do you click first?",University,Johns Hopkins University,Snapchat,21,0.553
28,"You open ur phone and have a notif badge on instagram, facebook, snapchat, and linkedin...which do you click first?",University,Johns Hopkins University,Linkedin,1,0.026
29,"You open ur phone and have a notif badge on instagram, facebook, snapchat, and linkedin...which do you click first?",University,Chapman University,Instagram,0,0
30,"You open ur phone and have a notif badge on instagram, facebook, snapchat, and linkedin...which do you click first?",University,Chapman University,Facebook,0,0
31,"You open ur phone and have a notif badge on instagram, facebook, snapchat, and linkedin...which do you click first?",University,Chapman University,Snapchat,1,1
32,"You open ur phone and have a notif badge on instagram, facebook, snapchat, and linkedin...which do you click first?",University,Chapman University,Linkedin,0,0
33,"You open ur phone and have a notif badge on instagram, facebook, snapchat, and linkedin...which do you click first?",University,Hillsdale College,Instagram,0,0
34,"You open ur phone and have a notif badge on instagram, facebook, snapchat, and linkedin...which do you click first?",University,Hillsdale College,Facebook,0,0
35,"You open ur phone and have a notif badge on instagram, facebook, snapchat, and linkedin...which do you click first?",University,Hillsdale College,Snapchat,1,1
36,"You open ur phone and have a notif badge on instagram, facebook, snapchat, and linkedin...which do you click first?",University,Hillsdale College,Linkedin,0,0
37,"You open ur phone and have a notif badge on instagram, facebook, snapchat, and linkedin...which do you click first?",University,University of New Hampshire,Instagram,2,1
38,"You open ur phone and have a notif badge on instagram, facebook, snapchat, and linkedin...which do you click first?",University,University of New Hampshire,Facebook,0,0
39,"You open ur phone and have a notif badge on instagram, facebook, snapchat, and linkedin...which do you click first?",University,University of New Hampshire,Snapchat,0,0
40,"You open ur phone and have a notif badge on instagram, facebook, snapchat, and linkedin...which do you click first?",University,University of New Hampshire,Linkedin,0,0
41,"You open ur phone and have a notif badge on instagram, facebook, snapchat, and linkedin...which do you click first?",University,University of North Carolina,Instagram,9,0.237
42,"You open ur phone and have a notif badge on instagram, facebook, snapchat, and linkedin...which do you click first?",University,University of North Carolina,Facebook,3,0.079
43,"You open ur phone and have a notif badge on instagram, facebook, snapchat, and linkedin...which do you click first?",University,University of North Carolina,Snapchat,26,0.684
44,"You open ur phone and have a notif badge on instagram, facebook, snapchat, and linkedin...which do you click first?",University,University of North Carolina,Linkedin,0,0
45,"You open ur phone and have a notif badge on instagram, facebook, snapchat, and linkedin...which do you click first?",University,Vanderbilt University,Instagram,11,0.275
46,"You open ur phone and have a notif badge on instagram, facebook, snapchat, and linkedin...which do you click first?",University,Vanderbilt University,Facebook,8,0.2
47,"You open ur phone and have a notif badge on instagram, facebook, snapchat, and linkedin...which do you click first?",University,Vanderbilt University,Snapchat,21,0.525
48,"You open ur phone and have a notif badge on instagram, facebook, snapchat, and linkedin...which do you click first?",University,Vanderbilt University,Linkedin,0,0
49,"You open ur phone and have a notif badge on instagram, facebook, snapchat, and linkedin...which do you click first?",University,University of Virginia,Instagram,37,0.236
50,"You open ur phone and have a notif badge on instagram, facebook, snapchat, and linkedin...which do you click first?",University,University of Virginia,Facebook,27,0.172
51,"You open ur phone and have a notif badge on instagram, facebook, snapchat, and linkedin...which do you click first?",University,University of Virginia,Snapchat,86,0.548
52,"You open ur phone and have a notif badge on instagram, facebook, snapchat, and linkedin...which do you click first?",University,University of Virginia,Linkedin,7,0.045
53,"You open ur phone and have a notif badge on instagram, facebook, snapchat, and linkedin...which do you click first?",University,University of Texas,Instagram,8,0.242
54,"You open ur phone and have a notif badge on instagram, facebook, snapchat, and linkedin...which do you click first?",University,University of Texas,Facebook,5,0.152
55,"You open ur phone and have a notif badge on instagram, facebook, snapchat, and linkedin...which do you click first?",University,University of Texas,Snapchat,16,0.485
56,"You open ur phone and have a notif badge on instagram, facebook, snapchat, and linkedin...which do you click first?",University,University of Texas,Linkedin,4,0.121
57,"You open ur phone and have a notif badge on instagram, facebook, snapchat, and linkedin...which do you click first?",University,Cornell University,Instagram,113,0.248
58,"You open ur phone and have a notif badge on instagram, facebook, snapchat, and linkedin...which do you click first?",University,Cornell University,Facebook,97,0.213
59,"You open ur phone and have a notif badge on instagram, facebook, snapchat, and linkedin...which do you click first?",University,Cornell University,Snapchat,226,0.496
60,"You open ur phone and have a notif badge on instagram, facebook, snapchat, and linkedin...which do you click first?",University,Cornell University,Linkedin,20,0.044
61,"You open ur phone and have a notif badge on instagram, facebook, snapchat, and linkedin...which do you click first?",University,Butler University,Instagram,9,0.333
62,"You open ur phone and have a notif badge on instagram, facebook, snapchat, and linkedin...which do you click first?",University,Butler University,Facebook,2,0.074
63,"You open ur phone and have a notif badge on instagram, facebook, snapchat, and linkedin...which do you click first?",University,Butler University,Snapchat,13,0.481
64,"You open ur phone and have a notif badge on instagram, facebook, snapchat, and linkedin...which do you click first?",University,Butler University,Linkedin,3,0.111
65,"You open ur phone and have a notif badge on instagram, facebook, snapchat, and linkedin...which do you click first?",University,University of Illinois,Instagram,8,0.11
66,"You open ur phone and have a notif badge on instagram, facebook, snapchat, and linkedin...which do you click first?",University,University of Illinois,Facebook,13,0.178
67,"You open ur phone and have a notif badge on instagram, facebook, snapchat, and linkedin...which do you click first?",University,University of Illinois,Snapchat,47,0.644
68,"You open ur phone and have a notif badge on instagram, facebook, snapchat, and linkedin...which do you click first?",University,University of Illinois,Linkedin,5,0.068
69,"You open ur phone and have a notif badge on instagram, facebook, snapchat, and linkedin...which do you click first?",University,University of Washington,Instagram,82,0.347
70,"You open ur phone and have a notif badge on instagram, facebook, snapchat, and linkedin...which do you click first?",University,University of Washington,Facebook,36,0.153
71,"You open ur phone and have a notif badge on instagram, facebook, snapchat, and linkedin...which do you click first?",University,University of Washington,Snapchat,115,0.487
72,"You open ur phone and have a notif badge on instagram, facebook, snapchat, and linkedin...which do you click first?",University,University of Washington,Linkedin,3,0.013
73,"You open ur phone and have a notif badge on instagram, facebook, snapchat, and linkedin...which do you click first?",University,Cal Poly San Luis Obispo,Instagram,5,0.192
74,"You open ur phone and have a notif badge on instagram, facebook, snapchat, and linkedin...which do you click first?",University,Cal Poly San Luis Obispo,Facebook,2,0.077
75,"You open ur phone and have a notif badge on instagram, facebook, snapchat, and linkedin...which do you click first?",University,Cal Poly San Luis Obispo,Snapchat,19,0.731
76,"You open ur phone and have a notif badge on instagram, facebook, snapchat, and linkedin...which do you click first?",University,Cal Poly San Luis Obispo,Linkedin,0,0
77,"You open ur phone and have a notif badge on instagram, facebook, snapchat, and linkedin...which do you click first?",University,Penn State University,Instagram,5,0.217
78,"You open ur phone and have a notif badge on instagram, facebook, snapchat, and linkedin...which do you click first?",University,Penn State University,Facebook,6,0.261
79,"You open ur phone and have a notif badge on instagram, facebook, snapchat, and linkedin...which do you click first?",University,Penn State University,Snapchat,12,0.522
80,"You open ur phone and have a notif badge on instagram, facebook, snapchat, and linkedin...which do you click first?",University,Penn State University,Linkedin,0,0
81,"You open ur phone and have a notif badge on instagram, facebook, snapchat, and linkedin...which do you click first?",University,University of Michigan,Instagram,12,0.207
82,"You open ur phone and have a notif badge on instagram, facebook, snapchat, and linkedin...which do you click first?",University,University of Michigan,Facebook,17,0.293
83,"You open ur phone and have a notif badge on instagram, facebook, snapchat, and linkedin...which do you click first?",University,University of Michigan,Snapchat,25,0.431
84,"You open ur phone and have a notif badge on instagram, facebook, snapchat, and linkedin...which do you click first?",University,University of Michigan,Linkedin,4,0.069
85,"You open ur phone and have a notif badge on instagram, facebook, snapchat, and linkedin...which do you click first?",University,Northwestern University,Instagram,12,0.25
86,"You open ur phone and have a notif badge on instagram, facebook, snapchat, and linkedin...which do you click first?",University,Northwestern University,Facebook,14,0.292
87,"You open ur phone and have a notif badge on instagram, facebook, snapchat, and linkedin...which do you click first?",University,Northwestern University,Snapchat,20,0.417
88,"You open ur phone and have a notif badge on instagram, facebook, snapchat, and linkedin...which do you click first?",University,Northwestern University,Linkedin,2,0.042
89,"You open ur phone and have a notif badge on instagram, facebook, snapchat, and linkedin...which do you click first?",University,Montgomery Blair High School,Instagram,8,0.216
90,"You open ur phone and have a notif badge on instagram, facebook, snapchat, and linkedin...which do you click first?",University,Montgomery Blair High School,Facebook,3,0.081
91,"You open ur phone and have a notif badge on instagram, facebook, snapchat, and linkedin...which do you click first?",University,Montgomery Blair High School,Snapchat,24,0.649
92,"You open ur phone and have a notif badge on instagram, facebook, snapchat, and linkedin...which do you click first?",University,Montgomery Blair High School,Linkedin,2,0.054
93,"You open ur phone and have a notif badge on instagram, facebook, snapchat, and linkedin...which do you click first?",University,University of Alabama,Instagram,9,0.333
94,"You open ur phone and have a notif badge on instagram, facebook, snapchat, and linkedin...which do you click first?",University,University of Alabama,Facebook,3,0.111
95,"You open ur phone and have a notif badge on instagram, facebook, snapchat, and linkedin...which do you click first?",University,University of Alabama,Snapchat,14,0.519
96,"You open ur phone and have a notif badge on instagram, facebook, snapchat, and linkedin...which do you click first?",University,University of Alabama,Linkedin,1,0.037
97,"You open ur phone and have a notif badge on instagram, facebook, snapchat, and linkedin...which do you click first?",University,James Madison University,Instagram,8,0.4
98,"You open ur phone and have a notif badge on instagram, facebook, snapchat, and linkedin...which do you click first?",University,James Madison University,Facebook,1,0.05
99,"You open ur phone and have a notif badge on instagram, facebook, snapchat, and linkedin...which do you click first?",University,James Madison University,Snapchat,11,0.55
100,"You open ur phone and have a notif badge on instagram, facebook, snapchat, and linkedin...which do you click first?",University,James Madison University,Linkedin,0,0
101,"You open ur phone and have a notif badge on instagram, facebook, snapchat, and linkedin...which do you click first?",University,Texas Christian University,Instagram,4,0.2
102,"You open ur phone and have a notif badge on instagram, facebook, snapchat, and linkedin...which do you click first?",University,Texas Christian University,Facebook,4,0.2
103,"You open ur phone and have a notif badge on instagram, facebook, snapchat, and linkedin...which do you click first?",University,Texas Christian University,Snapchat,10,0.5
104,"You open ur phone and have a notif badge on instagram, facebook, snapchat, and linkedin...which do you click first?",University,Texas Christian University,Linkedin,2,0.1
105,"You open ur phone and have a notif badge on instagram, facebook, snapchat, and linkedin...which do you click first?",University,Texas A&M University,Instagram,5,0.238
106,"You open ur phone and have a notif badge on instagram, facebook, snapchat, and linkedin...which do you click first?",University,Texas A&M University,Facebook,2,0.095
107,"You open ur phone and have a notif badge on instagram, facebook, snapchat, and linkedin...which do you click first?",University,Texas A&M University,Snapchat,14,0.667
108,"You open ur phone and have a notif badge on instagram, facebook, snapchat, and linkedin...which do you click first?",University,Texas A&M University,Linkedin,0,0
109,"You open ur phone and have a notif badge on instagram, facebook, snapchat, and linkedin...which do you click first?",University,University of Arkansas,Instagram,7,0.333
110,"You open ur phone and have a notif badge on instagram, facebook, snapchat, and linkedin...which do you click first?",University,University of Arkansas,Facebook,1,0.048
111,"You open ur phone and have a notif badge on instagram, facebook, snapchat, and linkedin...which do you click first?",University,University of Arkansas,Snapchat,12,0.571
112,"You open ur phone and have a notif badge on instagram, facebook, snapchat, and linkedin...which do you click first?",University,University of Arkansas,Linkedin,1,0.048
113,"You open ur phone and have a notif badge on instagram, facebook, snapchat, and linkedin...which do you click first?",University,San Diego State University,Instagram,14,0.311
114,"You open ur phone and have a notif badge on instagram, facebook, snapchat, and linkedin...which do you click first?",University,San Diego State University,Facebook,3,0.067
115,"You open ur phone and have a notif badge on instagram, facebook, snapchat, and linkedin...which do you click first?",University,San Diego State University,Snapchat,27,0.6
116,"You open ur phone and have a notif badge on instagram, facebook, snapchat, and linkedin...which do you click first?",University,San Diego State University,Linkedin,1,0.022
117,"You open ur phone and have a notif badge on instagram, facebook, snapchat, and linkedin...which do you click first?",University,University of Colorado Boulder,Instagram,0,0
118,"You open ur phone and have a notif badge on instagram, facebook, snapchat, and linkedin...which do you click first?",University,University of Colorado Boulder,Facebook,0,0
119,"You open ur phone and have a notif badge on instagram, facebook, snapchat, and linkedin...which do you click first?",University,University of Colorado Boulder,Snapchat,1,1
120,"You open ur phone and have a notif badge on instagram, facebook, snapchat, and linkedin...which do you click first?",University,University of Colorado Boulder,Linkedin,0,0
121,"You open ur phone and have a notif badge on instagram, facebook, snapchat, and linkedin...which do you click first?",University,Smith College,Instagram,1,1
122,"You open ur phone and have a notif badge on instagram, facebook, snapchat, and linkedin...which do you click first?",University,Smith College,Facebook,0,0
123,"You open ur phone and have a notif badge on instagram, facebook, snapchat, and linkedin...which do you click first?",University,Smith College,Snapchat,0,0
124,"You open ur phone and have a notif badge on instagram, facebook, snapchat, and linkedin...which do you click first?",University,Smith College,Linkedin,0,0
125,"You open ur phone and have a notif badge on instagram, facebook, snapchat, and linkedin...which do you click first?",University,University of Notre Dame,Instagram,0,0
126,"You open ur phone and have a notif badge on instagram, facebook, snapchat, and linkedin...which do you click first?",University,University of Notre Dame,Facebook,1,1
127,"You open ur phone and have a notif badge on instagram, facebook, snapchat, and linkedin...which do you click first?",University,University of Notre Dame,Snapchat,0,0
128,"You open ur phone and have a notif badge on instagram, facebook, snapchat, and linkedin...which do you click first?",University,University of Notre Dame,Linkedin,0,0
129,"You open ur phone and have a notif badge on instagram, facebook, snapchat, and linkedin...which do you click first?",University,University of Nebraska Omaha,Instagram,0,0
130,"You open ur phone and have a notif badge on instagram, facebook, snapchat, and linkedin...which do you click first?",University,University of Nebraska Omaha,Facebook,0,0
131,"You open ur phone and have a notif badge on instagram, facebook, snapchat, and linkedin...which do you click first?",University,University of Nebraska Omaha,Snapchat,1,1
132,"You open ur phone and have a notif badge on instagram, facebook, snapchat, and linkedin...which do you click first?",University,University of Nebraska Omaha,Linkedin,0,0
133,"You open ur phone and have a notif badge on instagram, facebook, snapchat, and linkedin...which do you click first?",University,University of Delaware,Instagram,0,0
134,"You open ur phone and have a notif badge on instagram, facebook, snapchat, and linkedin...which do you click first?",University,University of Delaware,Facebook,0,0
135,"You open ur phone and have a notif badge on instagram, facebook, snapchat, and linkedin...which do you click first?",University,University of Delaware,Snapchat,1,1
136,"You open ur phone and have a notif badge on instagram, facebook, snapchat, and linkedin...which do you click first?",University,University of Delaware,Linkedin,0,0
137,"You open ur phone and have a notif badge on instagram, facebook, snapchat, and linkedin...which do you click first?",University,Florida Atlantic University,Instagram,0,0
138,"You open ur phone and have a notif badge on instagram, facebook, snapchat, and linkedin...which do you click first?",University,Florida Atlantic University,Facebook,0,0
139,"You open ur phone and have a notif badge on instagram, facebook, snapchat, and linkedin...which do you click first?",University,Florida Atlantic University,Snapchat,1,1
140,"You open ur phone and have a notif badge on instagram, facebook, snapchat, and linkedin...which do you click first?",University,Florida Atlantic University,Linkedin,0,0
141,"You open ur phone and have a notif badge on instagram, facebook, snapchat, and linkedin...which do you click first?",University,University of Wisconsin Stevens Point,Instagram,1,1
142,"You open ur phone and have a notif badge on instagram, facebook, snapchat, and linkedin...which do you click first?",University,University of Wisconsin Stevens Point,Facebook,0,0
143,"You open ur phone and have a notif badge on instagram, facebook, snapchat, and linkedin...which do you click first?",University,University of Wisconsin Stevens Point,Snapchat,0,0
144,"You open ur phone and have a notif badge on instagram, facebook, snapchat, and linkedin...which do you click first?",University,University of Wisconsin Stevens Point,Linkedin,0,0
145,"You open ur phone and have a notif badge on instagram, facebook, snapchat, and linkedin...which do you click first?",University,University of California Riverside,Instagram,1,1
146,"You open ur phone and have a notif badge on instagram, facebook, snapchat, and linkedin...which do you click first?",University,University of California Riverside,Facebook,0,0
147,"You open ur phone and have a notif badge on instagram, facebook, snapchat, and linkedin...which do you click first?",University,University of California Riverside,Snapchat,0,0
148,"You open ur phone and have a notif badge on instagram, facebook, snapchat, and linkedin...which do you click first?",University,University of California Riverside,Linkedin,0,0
149,"You open ur phone and have a notif badge on instagram, facebook, snapchat, and linkedin...which do you click first?",University,Louisiana State University,Instagram,0,0
150,"You open ur phone and have a notif badge on instagram, facebook, snapchat, and linkedin...which do you click first?",University,Louisiana State University,Facebook,0,0
151,"You open ur phone and have a notif badge on instagram, facebook, snapchat, and linkedin...which do you click first?",University,Louisiana State University,Snapchat,1,1
152,"You open ur phone and have a notif badge on instagram, facebook, snapchat, and linkedin...which do you click first?",University,Louisiana State University,Linkedin,0,0
153,"You open ur phone and have a notif badge on instagram, facebook, snapchat, and linkedin...which do you click first?",University,Temple University,Instagram,0,0
154,"You open ur phone and have a notif badge on instagram, facebook, snapchat, and linkedin...which do you click first?",University,Temple University,Facebook,0,0
155,"You open ur phone and have a notif badge on instagram, facebook, snapchat, and linkedin...which do you click first?",University,Temple University,Snapchat,2,1
156,"You open ur phone and have a notif badge on instagram, facebook, snapchat, and linkedin...which do you click first?",University,Temple University,Linkedin,0,0
157,"You open ur phone and have a notif badge on instagram, facebook, snapchat, and linkedin...which do you click first?",University,High Point University,Instagram,1,1
158,"You open ur phone and have a notif badge on instagram, facebook, snapchat, and linkedin...which do you click first?",University,High Point University,Facebook,0,0
159,"You open ur phone and have a notif badge on instagram, facebook, snapchat, and linkedin...which do you click first?",University,High Point University,Snapchat,0,0
160,"You open ur phone and have a notif badge on instagram, facebook, snapchat, and linkedin...which do you click first?",University,High Point University,Linkedin,0,0
161,"You open ur phone and have a notif badge on instagram, facebook, snapchat, and linkedin...which do you click first?",University,Dartmouth College,Instagram,1,1
162,"You open ur phone and have a notif badge on instagram, facebook, snapchat, and linkedin...which do you click first?",University,Dartmouth College,Facebook,0,0
163,"You open ur phone and have a notif badge on instagram, facebook, snapchat, and linkedin...which do you click first?",University,Dartmouth College,Snapchat,0,0
164,"You open ur phone and have a notif badge on instagram, facebook, snapchat, and linkedin...which do you click first?",University,Dartmouth College,Linkedin,0,0
165,"You open ur phone and have a notif badge on instagram, facebook, snapchat, and linkedin...which do you click first?",University,Duke University,Instagram,0,0
166,"You open ur phone and have a notif badge on instagram, facebook, snapchat, and linkedin...which do you click first?",University,Duke University,Facebook,0,0
167,"You open ur phone and have a notif badge on instagram, facebook, snapchat, and linkedin...which do you click first?",University,Duke University,Snapchat,1,1
168,"You open ur phone and have a notif badge on instagram, facebook, snapchat, and linkedin...which do you click first?",University,Duke University,Linkedin,0,0
169,"You open ur phone and have a notif badge on instagram, facebook, snapchat, and linkedin...which do you click first?",University,University of California Irvine,Instagram,0,0
170,"You open ur phone and have a notif badge on instagram, facebook, snapchat, and linkedin...which do you click first?",University,University of California Irvine,Facebook,2,1
171,"You open ur phone and have a notif badge on instagram, facebook, snapchat, and linkedin...which do you click first?",University,University of California Irvine,Snapchat,0,0
172,"You open ur phone and have a notif badge on instagram, facebook, snapchat, and linkedin...which do you click first?",University,University of California Irvine,Linkedin,0,0
173,"You open ur phone and have a notif badge on instagram, facebook, snapchat, and linkedin...which do you click first?",University,University of British Columbia,Instagram,1,1
174,"You open ur phone and have a notif badge on instagram, facebook, snapchat, and linkedin...which do you click first?",University,University of British Columbia,Facebook,0,0
175,"You open ur phone and have a notif badge on instagram, facebook, snapchat, and linkedin...which do you click first?",University,University of British Columbia,Snapchat,0,0
176,"You open ur phone and have a notif badge on instagram, facebook, snapchat, and linkedin...which do you click first?",University,University of British Columbia,Linkedin,0,0
177,"You open ur phone and have a notif badge on instagram, facebook, snapchat, and linkedin...which do you click first?",University,San Marin High School,Instagram,0,0
178,"You open ur phone and have a notif badge on instagram, facebook, snapchat, and linkedin...which do you click first?",University,San Marin High School,Facebook,0,0
179,"You open ur phone and have a notif badge on instagram, facebook, snapchat, and linkedin...which do you click first?",University,San Marin High School,Snapchat,1,1
180,"You open ur phone and have a notif badge on instagram, facebook, snapchat, and linkedin...which do you click first?",University,San Marin High School,Linkedin,0,0
181,"You open ur phone and have a notif badge on instagram, facebook, snapchat, and linkedin...which do you click first?",University,Ohio University,Instagram,0,0
182,"You open ur phone and have a notif badge on instagram, facebook, snapchat, and linkedin...which do you click first?",University,Ohio University,Facebook,0,0
183,"You open ur phone and have a notif badge on instagram, facebook, snapchat, and linkedin...which do you click first?",University,Ohio University,Snapchat,1,1
184,"You open ur phone and have a notif badge on instagram, facebook, snapchat, and linkedin...which do you click first?",University,Ohio University,Linkedin,0,0
185,"You open ur phone and have a notif badge on instagram, facebook, snapchat, and linkedin...which do you click first?",University,Wilfred Laurier University,Instagram,1,1
186,"You open ur phone and have a notif badge on instagram, facebook, snapchat, and linkedin...which do you click first?",University,Wilfred Laurier University,Facebook,0,0
187,"You open ur phone and have a notif badge on instagram, facebook, snapchat, and linkedin...which do you click first?",University,Wilfred Laurier University,Snapchat,0,0
188,"You open ur phone and have a notif badge on instagram, facebook, snapchat, and linkedin...which do you click first?",University,Wilfred Laurier University,Linkedin,0,0
189,"You open ur phone and have a notif badge on instagram, facebook, snapchat, and linkedin...which do you click first?",University,UMass Amherst,Instagram,0,0
190,"You open ur phone and have a notif badge on instagram, facebook, snapchat, and linkedin...which do you click first?",University,UMass Amherst,Facebook,0,0
191,"You open ur phone and have a notif badge on instagram, facebook, snapchat, and linkedin...which do you click first?",University,UMass Amherst,Snapchat,2,1
192,"You open ur phone and have a notif badge on instagram, facebook, snapchat, and linkedin...which do you click first?",University,UMass Amherst,Linkedin,0,0
193,"You open ur phone and have a notif badge on instagram, facebook, snapchat, and linkedin...which do you click first?",University,University of Southern California,Instagram,0,0
194,"You open ur phone and have a notif badge on instagram, facebook, snapchat, and linkedin...which do you click first?",University,University of Southern California,Facebook,0,0
195,"You open ur phone and have a notif badge on instagram, facebook, snapchat, and linkedin...which do you click first?",University,University of Southern California,Snapchat,0,0
196,"You open ur phone and have a notif badge on instagram, facebook, snapchat, and linkedin...which do you click first?",University,University of Southern California,Linkedin,1,1
197,"You open ur phone and have a notif badge on instagram, facebook, snapchat, and linkedin...which do you click first?",University,"University of California, Los Angeles",Instagram,1,0.333
198,"You open ur phone and have a notif badge on instagram, facebook, snapchat, and linkedin...which do you click first?",University,"University of California, Los Angeles",Facebook,0,0
199,"You open ur phone and have a notif badge on instagram, facebook, snapchat, and linkedin...which do you click first?",University,"University of California, Los Angeles",Snapchat,2,0.667
200,"You open ur phone and have a notif badge on instagram, facebook, snapchat, and linkedin...which do you click first?",University,"University of California, Los Angeles",Linkedin,0,0
201,"You open ur phone and have a notif badge on instagram, facebook, snapchat, and linkedin...which do you click first?",University,Iowa State University,Instagram,1,1
202,"You open ur phone and have a notif badge on instagram, facebook, snapchat, and linkedin...which do you click first?",University,Iowa State University,Facebook,0,0
203,"You open ur phone and have a notif badge on instagram, facebook, snapchat, and linkedin...which do you click first?",University,Iowa State University,Snapchat,0,0
204,"You open ur phone and have a notif badge on instagram, facebook, snapchat, and linkedin...which do you click first?",University,Iowa State University,Linkedin,0,0
205,"You open ur phone and have a notif badge on instagram, facebook, snapchat, and linkedin...which do you click first?",University,"University of California, Davis",Instagram,0,0
206,"You open ur phone and have a notif badge on instagram, facebook, snapchat, and linkedin...which do you click first?",University,"University of California, Davis",Facebook,2,1
207,"You open ur phone and have a notif badge on instagram, facebook, snapchat, and linkedin...which do you click first?",University,"University of California, Davis",Snapchat,0,0
208,"You open ur phone and have a notif badge on instagram, facebook, snapchat, and linkedin...which do you click first?",University,"University of California, Davis",Linkedin,0,0
209,"You open ur phone and have a notif badge on instagram, facebook, snapchat, and linkedin...which do you click first?",University,Missouri State University,Instagram,0,0
210,"You open ur phone and have a notif badge on instagram, facebook, snapchat, and linkedin...which do you click first?",University,Missouri State University,Facebook,0,0
211,"You open ur phone and have a notif badge on instagram, facebook, snapchat, and linkedin...which do you click first?",University,Missouri State University,Snapchat,1,1
212,"You open ur phone and have a notif badge on instagram, facebook, snapchat, and linkedin...which do you click first?",University,Missouri State University,Linkedin,0,0
213,"You open ur phone and have a notif badge on instagram, facebook, snapchat, and linkedin...which do you click first?",University,Rice University,Instagram,0,0
214,"You open ur phone and have a notif badge on instagram, facebook, snapchat, and linkedin...which do you click first?",University,Rice University,Facebook,0,0
215,"You open ur phone and have a notif badge on instagram, facebook, snapchat, and linkedin...which do you click first?",University,Rice University,Snapchat,1,1
216,"You open ur phone and have a notif badge on instagram, facebook, snapchat, and linkedin...which do you click first?",University,Rice University,Linkedin,0,0
217,"You open ur phone and have a notif badge on instagram, facebook, snapchat, and linkedin...which do you click first?",University,University of Tennessee,Instagram,1,1
218,"You open ur phone and have a notif badge on instagram, facebook, snapchat, and linkedin...which do you click first?",University,University of Tennessee,Facebook,0,0
219,"You open ur phone and have a notif badge on instagram, facebook, snapchat, and linkedin...which do you click first?",University,University of Tennessee,Snapchat,0,0
220,"You open ur phone and have a notif badge on instagram, facebook, snapchat, and linkedin...which do you click first?",University,University of Tennessee,Linkedin,0,0
221,"You open ur phone and have a notif badge on instagram, facebook, snapchat, and linkedin...which do you click first?",University,Claremont McKenna College,Instagram,0,0
222,"You open ur phone and have a notif badge on instagram, facebook, snapchat, and linkedin...which do you click first?",University,Claremont McKenna College,Facebook,1,1
223,"You open ur phone and have a notif badge on instagram, facebook, snapchat, and linkedin...which do you click first?",University,Claremont McKenna College,Snapchat,0,0
224,"You open ur phone and have a notif badge on instagram, facebook, snapchat, and linkedin...which do you click first?",University,Claremont McKenna College,Linkedin,0,0
225,"You open ur phone and have a notif badge on instagram, facebook, snapchat, and linkedin...which do you click first?",University,University of Oregon,Instagram,0,0
226,"You open ur phone and have a notif badge on instagram, facebook, snapchat, and linkedin...which do you click first?",University,University of Oregon,Facebook,0,0
227,"You open ur phone and have a notif badge on instagram, facebook, snapchat, and linkedin...which do you click first?",University,University of Oregon,Snapchat,1,1
228,"You open ur phone and have a notif badge on instagram, facebook, snapchat, and linkedin...which do you click first?",University,University of Oregon,Linkedin,0,0
229,"You open ur phone and have a notif badge on instagram, facebook, snapchat, and linkedin...which do you click first?",University,Chaparral High School,Instagram,1,0.5
230,"You open ur phone and have a notif badge on instagram, facebook, snapchat, and linkedin...which do you click first?",University,Chaparral High School,Facebook,0,0
231,"You open ur phone and have a notif badge on instagram, facebook, snapchat, and linkedin...which do you click first?",University,Chaparral High School,Snapchat,1,0.5
232,"You open ur phone and have a notif badge on instagram, facebook, snapchat, and linkedin...which do you click first?",University,Chaparral High School,Linkedin,0,0
233,"You open ur phone and have a notif badge on instagram, facebook, snapchat, and linkedin...which do you click first?",University,Syracuse University,Instagram,1,1
234,"You open ur phone and have a notif badge on instagram, facebook, snapchat, and linkedin...which do you click first?",University,Syracuse University,Facebook,0,0
235,"You open ur phone and have a notif badge on instagram, facebook, snapchat, and linkedin...which do you click first?",University,Syracuse University,Snapchat,0,0
236,"You open ur phone and have a notif badge on instagram, facebook, snapchat, and linkedin...which do you click first?",University,Syracuse University,Linkedin,0,0
237,"You open ur phone and have a notif badge on instagram, facebook, snapchat, and linkedin...which do you click first?",University,University of Waterloo,Instagram,0,0
238,"You open ur phone and have a notif badge on instagram, facebook, snapchat, and linkedin...which do you click first?",University,University of Waterloo,Facebook,0,0
239,"You open ur phone and have a notif badge on instagram, facebook, snapchat, and linkedin...which do you click first?",University,University of Waterloo,Snapchat,1,1
240,"You open ur phone and have a notif badge on instagram, facebook, snapchat, and linkedin...which do you click first?",University,University of Waterloo,Linkedin,0,0
241,"You open ur phone and have a notif badge on instagram, facebook, snapchat, and linkedin...which do you click first?",University,Mountain Vista High School,Instagram,1,1
242,"You open ur phone and have a notif badge on instagram, facebook, snapchat, and linkedin...which do you click first?",University,Mountain Vista High School,Facebook,0,0
243,"You open ur phone and have a notif badge on instagram, facebook, snapchat, and linkedin...which do you click first?",University,Mountain Vista High School,Snapchat,0,0
244,"You open ur phone and have a notif badge on instagram, facebook, snapchat, and linkedin...which do you click first?",University,Mountain Vista High School,Linkedin,0,0
245,"You open ur phone and have a notif badge on instagram, facebook, snapchat, and linkedin...which do you click first?",University,Texas State University,Instagram,1,1
246,"You open ur phone and have a notif badge on instagram, facebook, snapchat, and linkedin...which do you click first?",University,Texas State University,Facebook,0,0
247,"You open ur phone and have a notif badge on instagram, facebook, snapchat, and linkedin...which do you click first?",University,Texas State University,Snapchat,0,0
248,"You open ur phone and have a notif badge on instagram, facebook, snapchat, and linkedin...which do you click first?",University,Texas State University,Linkedin,0,0
249,"You open ur phone and have a notif badge on instagram, facebook, snapchat, and linkedin...which do you click first?",University,Southern Illinois University Carbondale,Instagram,0,0
250,"You open ur phone and have a notif badge on instagram, facebook, snapchat, and linkedin...which do you click first?",University,Southern Illinois University Carbondale,Facebook,0,0
251,"You open ur phone and have a notif badge on instagram, facebook, snapchat, and linkedin...which do you click first?",University,Southern Illinois University Carbondale,Snapchat,1,1
252,"You open ur phone and have a notif badge on instagram, facebook, snapchat, and linkedin...which do you click first?",University,Southern Illinois University Carbondale,Linkedin,0,0
253,"You open ur phone and have a notif badge on instagram, facebook, snapchat, and linkedin...which do you click first?",University,George Washington University,Instagram,0,0
254,"You open ur phone and have a notif badge on instagram, facebook, snapchat, and linkedin...which do you click first?",University,George Washington University,Facebook,1,1
255,"You open ur phone and have a notif badge on instagram, facebook, snapchat, and linkedin...which do you click first?",University,George Washington University,Snapchat,0,0
256,"You open ur phone and have a notif badge on instagram, facebook, snapchat, and linkedin...which do you click first?",University,George Washington University,Linkedin,0,0
257,"You open ur phone and have a notif badge on instagram, facebook, snapchat, and linkedin...which do you click first?",University,University of Louisville,Instagram,0,0
258,"You open ur phone and have a notif badge on instagram, facebook, snapchat, and linkedin...which do you click first?",University,University of Louisville,Facebook,0,0
259,"You open ur phone and have a notif badge on instagram, facebook, snapchat, and linkedin...which do you click first?",University,University of Louisville,Snapchat,1,1
260,"You open ur phone and have a notif badge on instagram, facebook, snapchat, and linkedin...which do you click first?",University,University of Louisville,Linkedin,0,0
261,"You open ur phone and have a notif badge on instagram, facebook, snapchat, and linkedin...which do you click first?",University,Southern Methodist University,Instagram,0,0
262,"You open ur phone and have a notif badge on instagram, facebook, snapchat, and linkedin...which do you click first?",University,Southern Methodist University,Facebook,0,0
263,"You open ur phone and have a notif badge on instagram, facebook, snapchat, and linkedin...which do you click first?",University,Southern Methodist University,Snapchat,1,1
264,"You open ur phone and have a notif badge on instagram, facebook, snapchat, and linkedin...which do you click first?",University,Southern Methodist University,Linkedin,0,0
265,"You open ur phone and have a notif badge on instagram, facebook, snapchat, and linkedin...which do you click first?",University,University of Minnesota,Instagram,0,0
266,"You open ur phone and have a notif badge on instagram, facebook, snapchat, and linkedin...which do you click first?",University,University of Minnesota,Facebook,1,0.5
267,"You open ur phone and have a notif badge on instagram, facebook, snapchat, and linkedin...which do you click first?",University,University of Minnesota,Snapchat,1,0.5
268,"You open ur phone and have a notif badge on instagram, facebook, snapchat, and linkedin...which do you click first?",University,University of Minnesota,Linkedin,0,0
269,"You open ur phone and have a notif badge on instagram, facebook, snapchat, and linkedin...which do you click first?",University,York University,Instagram,0,0
270,"You open ur phone and have a notif badge on instagram, facebook, snapchat, and linkedin...which do you click first?",University,York University,Facebook,1,1
271,"You open ur phone and have a notif badge on instagram, facebook, snapchat, and linkedin...which do you click first?",University,York University,Snapchat,0,0
272,"You open ur phone and have a notif badge on instagram, facebook, snapchat, and linkedin...which do you click first?",University,York University,Linkedin,0,0
273,"You open ur phone and have a notif badge on instagram, facebook, snapchat, and linkedin...which do you click first?",University,Santa Clara University,Instagram,0,0
274,"You open ur phone and have a notif badge on instagram, facebook, snapchat, and linkedin...which do you click first?",University,Santa Clara University,Facebook,0,0
275,"You open ur phone and have a notif badge on instagram, facebook, snapchat, and linkedin...which do you click first?",University,Santa Clara University,Snapchat,0,0
276,"You open ur phone and have a notif badge on instagram, facebook, snapchat, and linkedin...which do you click first?",University,Santa Clara University,Linkedin,1,1
277,"You open ur phone and have a notif badge on instagram, facebook, snapchat, and linkedin...which do you click first?",University,Indiana University,Instagram,19,0.388
278,"You open ur phone and have a notif badge on instagram, facebook, snapchat, and linkedin...which do you click first?",University,Indiana University,Facebook,4,0.082
279,"You open ur phone and have a notif badge on instagram, facebook, snapchat, and linkedin...which do you click first?",University,Indiana University,Snapchat,24,0.49
280,"You open ur phone and have a notif badge on instagram, facebook, snapchat, and linkedin...which do you click first?",University,Indiana University,Linkedin,2,0.041
281,"You open ur phone and have a notif badge on instagram, facebook, snapchat, and linkedin...which do you click first?",University,"University of California, Berkeley",Instagram,10,0.172
282,"You open ur phone and have a notif badge on instagram, facebook, snapchat, and linkedin...which do you click first?",University,"University of California, Berkeley",Facebook,14,0.241
283,"You open ur phone and have a notif badge on instagram, facebook, snapchat, and linkedin...which do you click first?",University,"University of California, Berkeley",Snapchat,32,0.552
284,"You open ur phone and have a notif badge on instagram, facebook, snapchat, and linkedin...which do you click first?",University,"University of California, Berkeley",Linkedin,2,0.034
285,"You open ur phone and have a notif badge on instagram, facebook, snapchat, and linkedin...which do you click first?",University,College of William and Mary,Instagram,8,0.205
286,"You open ur phone and have a notif badge on instagram, facebook, snapchat, and linkedin...which do you click first?",University,College of William and Mary,Facebook,12,0.308
287,"You open ur phone and have a notif badge on instagram, facebook, snapchat, and linkedin...which do you click first?",University,College of William and Mary,Snapchat,16,0.41
288,"You open ur phone and have a notif badge on instagram, facebook, snapchat, and linkedin...which do you click first?",University,College of William and Mary,Linkedin,3,0.077
289,"You open ur phone and have a notif badge on instagram, facebook, snapchat, and linkedin...which do you click first?",University,University of Missouri,Instagram,7,0.189
290,"You open ur phone and have a notif badge on instagram, facebook, snapchat, and linkedin...which do you click first?",University,University of Missouri,Facebook,9,0.243
291,"You open ur phone and have a notif badge on instagram, facebook, snapchat, and linkedin...which do you click first?",University,University of Missouri,Snapchat,20,0.541
292,"You open ur phone and have a notif badge on instagram, facebook, snapchat, and linkedin...which do you click first?",University,University of Missouri,Linkedin,1,0.027
293,"You open ur phone and have a notif badge on instagram, facebook, snapchat, and linkedin...which do you click first?",University,Virginia Tech,Instagram,8,0.286
294,"You open ur phone and have a notif badge on instagram, facebook, snapchat, and linkedin...which do you click first?",University,Virginia Tech,Facebook,4,0.143
295,"You open ur phone and have a notif badge on instagram, facebook, snapchat, and linkedin...which do you click first?",University,Virginia Tech,Snapchat,16,0.571
296,"You open ur phone and have a notif badge on instagram, facebook, snapchat, and linkedin...which do you click first?",University,Virginia Tech,Linkedin,0,0
297,"You open ur phone and have a notif badge on instagram, facebook, snapchat, and linkedin...which do you click first?",University,Purdue University,Instagram,7,0.318
298,"You open ur phone and have a notif badge on instagram, facebook, snapchat, and linkedin...which do you click first?",University,Purdue University,Facebook,1,0.045
299,"You open ur phone and have a notif badge on instagram, facebook, snapchat, and linkedin...which do you click first?",University,Purdue University,Snapchat,13,0.591
300,"You open ur phone and have a notif badge on instagram, facebook, snapchat, and linkedin...which do you click first?",University,Purdue University,Linkedin,1,0.045
301,"You open ur phone and have a notif badge on instagram, facebook, snapchat, and linkedin...which do you click first?",University,Appalachian State University,Instagram,7,0.175
302,"You open ur phone and have a notif badge on instagram, facebook, snapchat, and linkedin...which do you click first?",University,Appalachian State University,Facebook,5,0.125
303,"You open ur phone and have a notif badge on instagram, facebook, snapchat, and linkedin...which do you click first?",University,Appalachian State University,Snapchat,27,0.675
304,"You open ur phone and have a notif badge on instagram, facebook, snapchat, and linkedin...which do you click first?",University,Appalachian State University,Linkedin,1,0.025
305,"You open ur phone and have a notif badge on instagram, facebook, snapchat, and linkedin...which do you click first?",University,Emory University,Instagram,8,0.276
306,"You open ur phone and have a notif badge on instagram, facebook, snapchat, and linkedin...which do you click first?",University,Emory University,Facebook,8,0.276
307,"You open ur phone and have a notif badge on instagram, facebook, snapchat, and linkedin...which do you click first?",University,Emory University,Snapchat,12,0.414
308,"You open ur phone and have a notif badge on instagram, facebook, snapchat, and linkedin...which do you click first?",University,Emory University,Linkedin,1,0.034
309,"You open ur phone and have a notif badge on instagram, facebook, snapchat, and linkedin...which do you click first?",University,University of Arizona,Instagram,9,0.29
310,"You open ur phone and have a notif badge on instagram, facebook, snapchat, and linkedin...which do you click first?",University,University of Arizona,Facebook,4,0.129
311,"You open ur phone and have a notif badge on instagram, facebook, snapchat, and linkedin...which do you click first?",University,University of Arizona,Snapchat,18,0.581
312,"You open ur phone and have a notif badge on instagram, facebook, snapchat, and linkedin...which do you click first?",University,University of Arizona,Linkedin,0,0
313,"You open ur phone and have a notif badge on instagram, facebook, snapchat, and linkedin...which do you click first?",University,Truman State University,Instagram,9,0.3
314,"You open ur phone and have a notif badge on instagram, facebook, snapchat, and linkedin...which do you click first?",University,Truman State University,Facebook,9,0.3
315,"You open ur phone and have a notif badge on instagram, facebook, snapchat, and linkedin...which do you click first?",University,Truman State University,Snapchat,11,0.367
316,"You open ur phone and have a notif badge on instagram, facebook, snapchat, and linkedin...which do you click first?",University,Truman State University,Linkedin,1,0.033
317,"You open ur phone and have a notif badge on instagram, facebook, snapchat, and linkedin...which do you click first?",University,University of Wisconsin-Madison,Instagram,21,0.328
318,"You open ur phone and have a notif badge on instagram, facebook, snapchat, and linkedin...which do you click first?",University,University of Wisconsin-Madison,Facebook,11,0.172
319,"You open ur phone and have a notif badge on instagram, facebook, snapchat, and linkedin...which do you click first?",University,University of Wisconsin-Madison,Snapchat,28,0.438
320,"You open ur phone and have a notif badge on instagram, facebook, snapchat, and linkedin...which do you click first?",University,University of Wisconsin-Madison,Linkedin,4,0.063
321,"You open ur phone and have a notif badge on instagram, facebook, snapchat, and linkedin...which do you click first?",University,Ohio State University,Instagram,8,0.348
322,"You open ur phone and have a notif badge on instagram, facebook, snapchat, and linkedin...which do you click first?",University,Ohio State University,Facebook,2,0.087
323,"You open ur phone and have a notif badge on instagram, facebook, snapchat, and linkedin...which do you click first?",University,Ohio State University,Snapchat,12,0.522
324,"You open ur phone and have a notif badge on instagram, facebook, snapchat, and linkedin...which do you click first?",University,Ohio State University,Linkedin,1,0.043
325,"You open ur phone and have a notif badge on instagram, facebook, snapchat, and linkedin...which do you click first?",Custom,your parents make? $90K-$240k,Instagram,69,0.217
326,"You open ur phone and have a notif badge on instagram, facebook, snapchat, and linkedin...which do you click first?",Custom,your parents make? $90K-$240k,Facebook,59,0.186
327,"You open ur phone and have a notif badge on instagram, facebook, snapchat, and linkedin...which do you click first?",Custom,your parents make? $90K-$240k,Snapchat,177,0.557
328,"You open ur phone and have a notif badge on instagram, facebook, snapchat, and linkedin...which do you click first?",Custom,your parents make? $90K-$240k,Linkedin,13,0.041
329,"You open ur phone and have a notif badge on instagram, facebook, snapchat, and linkedin...which do you click first?",Custom,student loan debt? No,Instagram,355,0.278
330,"You open ur phone and have a notif badge on instagram, facebook, snapchat, and linkedin...which do you click first?",Custom,student loan debt? No,Facebook,189,0.148
331,"You open ur phone and have a notif badge on instagram, facebook, snapchat, and linkedin...which do you click first?",Custom,student loan debt? No,Snapchat,685,0.537
332,"You open ur phone and have a notif badge on instagram, facebook, snapchat, and linkedin...which do you click first?",Custom,student loan debt? No,Linkedin,46,0.036
333,"You open ur phone and have a notif badge on instagram, facebook, snapchat, and linkedin...which do you click first?",Custom,student loan debt? Yes,Instagram,145,0.238
334,"You open ur phone and have a notif badge on instagram, facebook, snapchat, and linkedin...which do you click first?",Custom,student loan debt? Yes,Facebook,108,0.177
335,"You open ur phone and have a notif badge on instagram, facebook, snapchat, and linkedin...which do you click first?",Custom,student loan debt? Yes,Snapchat,334,0.548
336,"You open ur phone and have a notif badge on instagram, facebook, snapchat, and linkedin...which do you click first?",Custom,student loan debt? Yes,Linkedin,22,0.036
337,"You open ur phone and have a notif badge on instagram, facebook, snapchat, and linkedin...which do you click first?",Custom,you vote for? Didn't vote,Instagram,66,0.324
338,"You open ur phone and have a notif badge on instagram, facebook, snapchat, and linkedin...which do you click first?",Custom,you vote for? Didn't vote,Facebook,31,0.152
339,"You open ur phone and have a notif badge on instagram, facebook, snapchat, and linkedin...which do you click first?",Custom,you vote for? Didn't vote,Snapchat,100,0.49
340,"You open ur phone and have a notif badge on instagram, facebook, snapchat, and linkedin...which do you click first?",Custom,you vote for? Didn't vote,Linkedin,7,0.034
341,"You open ur phone and have a notif badge on instagram, facebook, snapchat, and linkedin...which do you click first?",Custom,your parents make?  < $50K,Instagram,40,0.245
342,"You open ur phone and have a notif badge on instagram, facebook, snapchat, and linkedin...which do you click first?",Custom,your parents make?  < $50K,Facebook,17,0.104
343,"You open ur phone and have a notif badge on instagram, facebook, snapchat, and linkedin...which do you click first?",Custom,your parents make?  < $50K,Snapchat,101,0.62
344,"You open ur phone and have a notif badge on instagram, facebook, snapchat, and linkedin...which do you click first?",Custom,your parents make?  < $50K,Linkedin,5,0.031
345,"You open ur phone and have a notif badge on instagram, facebook, snapchat, and linkedin...which do you click first?",Custom,you vote for? Writing in Bernie,Instagram,27,0.26
346,"You open ur phone and have a notif badge on instagram, facebook, snapchat, and linkedin...which do you click first?",Custom,you vote for? Writing in Bernie,Facebook,20,0.192
347,"You open ur phone and have a notif badge on instagram, facebook, snapchat, and linkedin...which do you click first?",Custom,you vote for? Writing in Bernie,Snapchat,54,0.519
348,"You open ur phone and have a notif badge on instagram, facebook, snapchat, and linkedin...which do you click first?",Custom,you vote for? Writing in Bernie,Linkedin,3,0.029
349,"You open ur phone and have a notif badge on instagram, facebook, snapchat, and linkedin...which do you click first?",Custom,you vote for? Hillary Clinton,Instagram,135,0.236
350,"You open ur phone and have a notif badge on instagram, facebook, snapchat, and linkedin...which do you click first?",Custom,you vote for? Hillary Clinton,Facebook,121,0.212
351,"You open ur phone and have a notif badge on instagram, facebook, snapchat, and linkedin...which do you click first?",Custom,you vote for? Hillary Clinton,Snapchat,297,0.519
352,"You open ur phone and have a notif badge on instagram, facebook, snapchat, and linkedin...which do you click first?",Custom,you vote for? Hillary Clinton,Linkedin,19,0.033
353,"You open ur phone and have a notif badge on instagram, facebook, snapchat, and linkedin...which do you click first?",Custom,Graduation Year 2019,Instagram,103,0.312
354,"You open ur phone and have a notif badge on instagram, facebook, snapchat, and linkedin...which do you click first?",Custom,Graduation Year 2019,Facebook,55,0.167
355,"You open ur phone and have a notif badge on instagram, facebook, snapchat, and linkedin...which do you click first?",Custom,Graduation Year 2019,Snapchat,163,0.494
356,"You open ur phone and have a notif badge on instagram, facebook, snapchat, and linkedin...which do you click first?",Custom,Graduation Year 2019,Linkedin,9,0.027
357,"You open ur phone and have a notif badge on instagram, facebook, snapchat, and linkedin...which do you click first?",Custom,closely identify as? White,Instagram,237,0.27
358,"You open ur phone and have a notif badge on instagram, facebook, snapchat, and linkedin...which do you click first?",Custom,closely identify as? White,Facebook,154,0.176
359,"You open ur phone and have a notif badge on instagram, facebook, snapchat, and linkedin...which do you click first?",Custom,closely identify as? White,Snapchat,450,0.513
360,"You open ur phone and have a notif badge on instagram, facebook, snapchat, and linkedin...which do you click first?",Custom,closely identify as? White,Linkedin,36,0.041
361,"You open ur phone and have a notif badge on instagram, facebook, snapchat, and linkedin...which do you click first?",Custom,Mac or PC? Mac ,Instagram,171,0.268
362,"You open ur phone and have a notif badge on instagram, facebook, snapchat, and linkedin...which do you click first?",Custom,Mac or PC? Mac ,Facebook,117,0.183
363,"You open ur phone and have a notif badge on instagram, facebook, snapchat, and linkedin...which do you click first?",Custom,Mac or PC? Mac ,Snapchat,330,0.516
364,"You open ur phone and have a notif badge on instagram, facebook, snapchat, and linkedin...which do you click first?",Custom,Mac or PC? Mac ,Linkedin,21,0.033
365,"You open ur phone and have a notif badge on instagram, facebook, snapchat, and linkedin...which do you click first?",Custom,I'm in? Post-grad,Instagram,97,0.274
366,"You open ur phone and have a notif badge on instagram, facebook, snapchat, and linkedin...which do you click first?",Custom,I'm in? Post-grad,Facebook,74,0.209
367,"You open ur phone and have a notif badge on instagram, facebook, snapchat, and linkedin...which do you click first?",Custom,I'm in? Post-grad,Snapchat,170,0.48
368,"You open ur phone and have a notif badge on instagram, facebook, snapchat, and linkedin...which do you click first?",Custom,I'm in? Post-grad,Linkedin,13,0.037
369,"You open ur phone and have a notif badge on instagram, facebook, snapchat, and linkedin...which do you click first?",Custom,Mac or PC? PC ,Instagram,93,0.252
370,"You open ur phone and have a notif badge on instagram, facebook, snapchat, and linkedin...which do you click first?",Custom,Mac or PC? PC ,Facebook,60,0.163
371,"You open ur phone and have a notif badge on instagram, facebook, snapchat, and linkedin...which do you click first?",Custom,Mac or PC? PC ,Snapchat,200,0.542
372,"You open ur phone and have a notif badge on instagram, facebook, snapchat, and linkedin...which do you click first?",Custom,Mac or PC? PC ,Linkedin,16,0.043
373,"You open ur phone and have a notif badge on instagram, facebook, snapchat, and linkedin...which do you click first?",Custom,Graduation Year 2018,Instagram,39,0.214
374,"You open ur phone and have a notif badge on instagram, facebook, snapchat, and linkedin...which do you click first?",Custom,Graduation Year 2018,Facebook,48,0.264
375,"You open ur phone and have a notif badge on instagram, facebook, snapchat, and linkedin...which do you click first?",Custom,Graduation Year 2018,Snapchat,86,0.473
376,"You open ur phone and have a notif badge on instagram, facebook, snapchat, and linkedin...which do you click first?",Custom,Graduation Year 2018,Linkedin,9,0.049
377,"You open ur phone and have a notif badge on instagram, facebook, snapchat, and linkedin...which do you click first?",Custom,your parents make? > $240K,Instagram,56,0.289
378,"You open ur phone and have a notif badge on instagram, facebook, snapchat, and linkedin...which do you click first?",Custom,your parents make? > $240K,Facebook,36,0.186
379,"You open ur phone and have a notif badge on instagram, facebook, snapchat, and linkedin...which do you click first?",Custom,your parents make? > $240K,Snapchat,93,0.479
380,"You open ur phone and have a notif badge on instagram, facebook, snapchat, and linkedin...which do you click first?",Custom,your parents make? > $240K,Linkedin,9,0.046
381,"You open ur phone and have a notif badge on instagram, facebook, snapchat, and linkedin...which do you click first?",Custom,is your age? 35 or older,Instagram,1,0.5
382,"You open ur phone and have a notif badge on instagram, facebook, snapchat, and linkedin...which do you click first?",Custom,is your age? 35 or older,Facebook,1,0.5
383,"You open ur phone and have a notif badge on instagram, facebook, snapchat, and linkedin...which do you click first?",Custom,is your age? 35 or older,Snapchat,0,0
384,"You open ur phone and have a notif badge on instagram, facebook, snapchat, and linkedin...which do you click first?",Custom,is your age? 35 or older,Linkedin,0,0
385,"You open ur phone and have a notif badge on instagram, facebook, snapchat, and linkedin...which do you click first?",Custom,is your age? 31-34,Instagram,0,0
386,"You open ur phone and have a notif badge on instagram, facebook, snapchat, and linkedin...which do you click first?",Custom,is your age? 31-34,Facebook,0,0
387,"You open ur phone and have a notif badge on instagram, facebook, snapchat, and linkedin...which do you click first?",Custom,is your age? 31-34,Snapchat,1,1
388,"You open ur phone and have a notif badge on instagram, facebook, snapchat, and linkedin...which do you click first?",Custom,is your age? 31-34,Linkedin,0,0
389,"You open ur phone and have a notif badge on instagram, facebook, snapchat, and linkedin...which do you click first?",Custom,What's your leaning? In-between,Instagram,125,0.281
390,"You open ur phone and have a notif badge on instagram, facebook, snapchat, and linkedin...which do you click first?",Custom,What's your leaning? In-between,Facebook,54,0.121
391,"You open ur phone and have a notif badge on instagram, facebook, snapchat, and linkedin...which do you click first?",Custom,What's your leaning? In-between,Snapchat,253,0.569
392,"You open ur phone and have a notif badge on instagram, facebook, snapchat, and linkedin...which do you click first?",Custom,What's your leaning? In-between,Linkedin,13,0.029
393,"You open ur phone and have a notif badge on instagram, facebook, snapchat, and linkedin...which do you click first?",Custom,What's your leaning? Liberal ,Instagram,166,0.279
394,"You open ur phone and have a notif badge on instagram, facebook, snapchat, and linkedin...which do you click first?",Custom,What's your leaning? Liberal ,Facebook,124,0.209
395,"You open ur phone and have a notif badge on instagram, facebook, snapchat, and linkedin...which do you click first?",Custom,What's your leaning? Liberal ,Snapchat,285,0.48
396,"You open ur phone and have a notif badge on instagram, facebook, snapchat, and linkedin...which do you click first?",Custom,What's your leaning? Liberal ,Linkedin,19,0.032
397,"You open ur phone and have a notif badge on instagram, facebook, snapchat, and linkedin...which do you click first?",Custom,What's your leaning? Conservative ,Instagram,102,0.248
398,"You open ur phone and have a notif badge on instagram, facebook, snapchat, and linkedin...which do you click first?",Custom,What's your leaning? Conservative ,Facebook,53,0.129
399,"You open ur phone and have a notif badge on instagram, facebook, snapchat, and linkedin...which do you click first?",Custom,What's your leaning? Conservative ,Snapchat,234,0.568
400,"You open ur phone and have a notif badge on instagram, facebook, snapchat, and linkedin...which do you click first?",Custom,What's your leaning? Conservative ,Linkedin,23,0.056
401,"You open ur phone and have a notif badge on instagram, facebook, snapchat, and linkedin...which do you click first?",Custom,is your age? 25-30,Instagram,1,0.167
402,"You open ur phone and have a notif badge on instagram, facebook, snapchat, and linkedin...which do you click first?",Custom,is your age? 25-30,Facebook,2,0.333
403,"You open ur phone and have a notif badge on instagram, facebook, snapchat, and linkedin...which do you click first?",Custom,is your age? 25-30,Snapchat,1,0.167
404,"You open ur phone and have a notif badge on instagram, facebook, snapchat, and linkedin...which do you click first?",Custom,is your age? 25-30,Linkedin,2,0.333
405,"You open ur phone and have a notif badge on instagram, facebook, snapchat, and linkedin...which do you click first?",Custom,is your age? 18-24,Instagram,33,0.224
406,"You open ur phone and have a notif badge on instagram, facebook, snapchat, and linkedin...which do you click first?",Custom,is your age? 18-24,Facebook,29,0.197
407,"You open ur phone and have a notif badge on instagram, facebook, snapchat, and linkedin...which do you click first?",Custom,is your age? 18-24,Snapchat,79,0.537
408,"You open ur phone and have a notif badge on instagram, facebook, snapchat, and linkedin...which do you click first?",Custom,is your age? 18-24,Linkedin,6,0.041
409,"You open ur phone and have a notif badge on instagram, facebook, snapchat, and linkedin...which do you click first?",Custom,is your age? 15-17,Instagram,18,0.254
410,"You open ur phone and have a notif badge on instagram, facebook, snapchat, and linkedin...which do you click first?",Custom,is your age? 15-17,Facebook,8,0.113
411,"You open ur phone and have a notif badge on instagram, facebook, snapchat, and linkedin...which do you click first?",Custom,is your age? 15-17,Snapchat,43,0.606
412,"You open ur phone and have a notif badge on instagram, facebook, snapchat, and linkedin...which do you click first?",Custom,is your age? 15-17,Linkedin,2,0.028
413,"You open ur phone and have a notif badge on instagram, facebook, snapchat, and linkedin...which do you click first?",Custom,is your age? 14 or younger,Instagram,1,0.5
414,"You open ur phone and have a notif badge on instagram, facebook, snapchat, and linkedin...which do you click first?",Custom,is your age? 14 or younger,Facebook,0,0
415,"You open ur phone and have a notif badge on instagram, facebook, snapchat, and linkedin...which do you click first?",Custom,is your age? 14 or younger,Snapchat,1,0.5
416,"You open ur phone and have a notif badge on instagram, facebook, snapchat, and linkedin...which do you click first?",Custom,is your age? 14 or younger,Linkedin,0,0
417,"You open ur phone and have a notif badge on instagram, facebook, snapchat, and linkedin...which do you click first?",Custom,I'm in? College,Instagram,1116,0.265
418,"You open ur phone and have a notif badge on instagram, facebook, snapchat, and linkedin...which do you click first?",Custom,I'm in? College,Facebook,711,0.169
419,"You open ur phone and have a notif badge on instagram, facebook, snapchat, and linkedin...which do you click first?",Custom,I'm in? College,Snapchat,2265,0.537
420,"You open ur phone and have a notif badge on instagram, facebook, snapchat, and linkedin...which do you click first?",Custom,I'm in? College,Linkedin,127,0.03
421,"You open ur phone and have a notif badge on instagram, facebook, snapchat, and linkedin...which do you click first?",Custom,you vote for? Other,Instagram,9,0.231
422,"You open ur phone and have a notif badge on instagram, facebook, snapchat, and linkedin...which do you click first?",Custom,you vote for? Other,Facebook,6,0.154
423,"You open ur phone and have a notif badge on instagram, facebook, snapchat, and linkedin...which do you click first?",Custom,you vote for? Other,Snapchat,22,0.564
424,"You open ur phone and have a notif badge on instagram, facebook, snapchat, and linkedin...which do you click first?",Custom,you vote for? Other,Linkedin,2,0.051
425,"You open ur phone and have a notif badge on instagram, facebook, snapchat, and linkedin...which do you click first?",Custom,you vote for? Gary Johnson,Instagram,36,0.22
426,"You open ur phone and have a notif badge on instagram, facebook, snapchat, and linkedin...which do you click first?",Custom,you vote for? Gary Johnson,Facebook,29,0.177
427,"You open ur phone and have a notif badge on instagram, facebook, snapchat, and linkedin...which do you click first?",Custom,you vote for? Gary Johnson,Snapchat,86,0.524
428,"You open ur phone and have a notif badge on instagram, facebook, snapchat, and linkedin...which do you click first?",Custom,you vote for? Gary Johnson,Linkedin,13,0.079
429,"You open ur phone and have a notif badge on instagram, facebook, snapchat, and linkedin...which do you click first?",Custom,Are you? None/Other,Instagram,74,0.228
430,"You open ur phone and have a notif badge on instagram, facebook, snapchat, and linkedin...which do you click first?",Custom,Are you? None/Other,Facebook,58,0.178
431,"You open ur phone and have a notif badge on instagram, facebook, snapchat, and linkedin...which do you click first?",Custom,Are you? None/Other,Snapchat,179,0.551
432,"You open ur phone and have a notif badge on instagram, facebook, snapchat, and linkedin...which do you click first?",Custom,Are you? None/Other,Linkedin,14,0.043
433,"You open ur phone and have a notif badge on instagram, facebook, snapchat, and linkedin...which do you click first?",Custom,Are you? Muslim,Instagram,3,0.176
434,"You open ur phone and have a notif badge on instagram, facebook, snapchat, and linkedin...which do you click first?",Custom,Are you? Muslim,Facebook,2,0.118
435,"You open ur phone and have a notif badge on instagram, facebook, snapchat, and linkedin...which do you click first?",Custom,Are you? Muslim,Snapchat,11,0.647
436,"You open ur phone and have a notif badge on instagram, facebook, snapchat, and linkedin...which do you click first?",Custom,Are you? Muslim,Linkedin,1,0.059
437,"You open ur phone and have a notif badge on instagram, facebook, snapchat, and linkedin...which do you click first?",Custom,Are you? Jewish,Instagram,12,0.132
438,"You open ur phone and have a notif badge on instagram, facebook, snapchat, and linkedin...which do you click first?",Custom,Are you? Jewish,Facebook,32,0.352
439,"You open ur phone and have a notif badge on instagram, facebook, snapchat, and linkedin...which do you click first?",Custom,Are you? Jewish,Snapchat,42,0.462
440,"You open ur phone and have a notif badge on instagram, facebook, snapchat, and linkedin...which do you click first?",Custom,Are you? Jewish,Linkedin,5,0.055
441,"You open ur phone and have a notif badge on instagram, facebook, snapchat, and linkedin...which do you click first?",Custom,Sexual orientation? Bi,Instagram,26,0.382
442,"You open ur phone and have a notif badge on instagram, facebook, snapchat, and linkedin...which do you click first?",Custom,Sexual orientation? Bi,Facebook,11,0.162
443,"You open ur phone and have a notif badge on instagram, facebook, snapchat, and linkedin...which do you click first?",Custom,Sexual orientation? Bi,Snapchat,30,0.441
444,"You open ur phone and have a notif badge on instagram, facebook, snapchat, and linkedin...which do you click first?",Custom,Sexual orientation? Bi,Linkedin,1,0.015
445,"You open ur phone and have a notif badge on instagram, facebook, snapchat, and linkedin...which do you click first?",Custom,Sexual orientation? Straight,Instagram,266,0.277
446,"You open ur phone and have a notif badge on instagram, facebook, snapchat, and linkedin...which do you click first?",Custom,Sexual orientation? Straight,Facebook,127,0.132
447,"You open ur phone and have a notif badge on instagram, facebook, snapchat, and linkedin...which do you click first?",Custom,Sexual orientation? Straight,Snapchat,545,0.567
448,"You open ur phone and have a notif badge on instagram, facebook, snapchat, and linkedin...which do you click first?",Custom,Sexual orientation? Straight,Linkedin,23,0.024
449,"You open ur phone and have a notif badge on instagram, facebook, snapchat, and linkedin...which do you click first?",Custom,Sexual orientation? Gay,Instagram,10,0.345
450,"You open ur phone and have a notif badge on instagram, facebook, snapchat, and linkedin...which do you click first?",Custom,Sexual orientation? Gay,Facebook,5,0.172
451,"You open ur phone and have a notif badge on instagram, facebook, snapchat, and linkedin...which do you click first?",Custom,Sexual orientation? Gay,Snapchat,14,0.483
452,"You open ur phone and have a notif badge on instagram, facebook, snapchat, and linkedin...which do you click first?",Custom,Sexual orientation? Gay,Linkedin,0,0
453,"You open ur phone and have a notif badge on instagram, facebook, snapchat, and linkedin...which do you click first?",Custom,I'm in? Other,Instagram,14,0.438
454,"You open ur phone and have a notif badge on instagram, facebook, snapchat, and linkedin...which do you click first?",Custom,I'm in? Other,Facebook,4,0.125
455,"You open ur phone and have a notif badge on instagram, facebook, snapchat, and linkedin...which do you click first?",Custom,I'm in? Other,Snapchat,13,0.406
456,"You open ur phone and have a notif badge on instagram, facebook, snapchat, and linkedin...which do you click first?",Custom,I'm in? Other,Linkedin,1,0.031
457,"You open ur phone and have a notif badge on instagram, facebook, snapchat, and linkedin...which do you click first?",Custom,Are you? Christian,Instagram,123,0.293
458,"You open ur phone and have a notif badge on instagram, facebook, snapchat, and linkedin...which do you click first?",Custom,Are you? Christian,Facebook,71,0.169
459,"You open ur phone and have a notif badge on instagram, facebook, snapchat, and linkedin...which do you click first?",Custom,Are you? Christian,Snapchat,206,0.49
460,"You open ur phone and have a notif badge on instagram, facebook, snapchat, and linkedin...which do you click first?",Custom,Are you? Christian,Linkedin,20,0.048
461,"You open ur phone and have a notif badge on instagram, facebook, snapchat, and linkedin...which do you click first?",Custom,you vote for? Jill Stein,Instagram,5,0.238
462,"You open ur phone and have a notif badge on instagram, facebook, snapchat, and linkedin...which do you click first?",Custom,you vote for? Jill Stein,Facebook,3,0.143
463,"You open ur phone and have a notif badge on instagram, facebook, snapchat, and linkedin...which do you click first?",Custom,you vote for? Jill Stein,Snapchat,11,0.524
464,"You open ur phone and have a notif badge on instagram, facebook, snapchat, and linkedin...which do you click first?",Custom,you vote for? Jill Stein,Linkedin,2,0.095
465,"You open ur phone and have a notif badge on instagram, facebook, snapchat, and linkedin...which do you click first?",Custom,closely identify as? Black,Instagram,19,0.297
466,"You open ur phone and have a notif badge on instagram, facebook, snapchat, and linkedin...which do you click first?",Custom,closely identify as? Black,Facebook,7,0.109
467,"You open ur phone and have a notif badge on instagram, facebook, snapchat, and linkedin...which do you click first?",Custom,closely identify as? Black,Snapchat,37,0.578
468,"You open ur phone and have a notif badge on instagram, facebook, snapchat, and linkedin...which do you click first?",Custom,closely identify as? Black,Linkedin,1,0.016
469,"You open ur phone and have a notif badge on instagram, facebook, snapchat, and linkedin...which do you click first?",Custom,Sexual orientation? Confused,Instagram,13,0.325
470,"You open ur phone and have a notif badge on instagram, facebook, snapchat, and linkedin...which do you click first?",Custom,Sexual orientation? Confused,Facebook,8,0.2
471,"You open ur phone and have a notif badge on instagram, facebook, snapchat, and linkedin...which do you click first?",Custom,Sexual orientation? Confused,Snapchat,19,0.475
472,"You open ur phone and have a notif badge on instagram, facebook, snapchat, and linkedin...which do you click first?",Custom,Sexual orientation? Confused,Linkedin,0,0
473,"You open ur phone and have a notif badge on instagram, facebook, snapchat, and linkedin...which do you click first?",Custom,I'm in? Grad School,Instagram,80,0.327
474,"You open ur phone and have a notif badge on instagram, facebook, snapchat, and linkedin...which do you click first?",Custom,I'm in? Grad School,Facebook,34,0.139
475,"You open ur phone and have a notif badge on instagram, facebook, snapchat, and linkedin...which do you click first?",Custom,I'm in? Grad School,Snapchat,125,0.51
476,"You open ur phone and have a notif badge on instagram, facebook, snapchat, and linkedin...which do you click first?",Custom,I'm in? Grad School,Linkedin,6,0.024
477,"You open ur phone and have a notif badge on instagram, facebook, snapchat, and linkedin...which do you click first?",Custom,Graduation Year 2020,Instagram,51,0.244
478,"You open ur phone and have a notif badge on instagram, facebook, snapchat, and linkedin...which do you click first?",Custom,Graduation Year 2020,Facebook,31,0.148
479,"You open ur phone and have a notif badge on instagram, facebook, snapchat, and linkedin...which do you click first?",Custom,Graduation Year 2020,Snapchat,118,0.565
480,"You open ur phone and have a notif badge on instagram, facebook, snapchat, and linkedin...which do you click first?",Custom,Graduation Year 2020,Linkedin,9,0.043
481,"You open ur phone and have a notif badge on instagram, facebook, snapchat, and linkedin...which do you click first?",Custom,you vote for? Donald Trump,Instagram,90,0.29
482,"You open ur phone and have a notif badge on instagram, facebook, snapchat, and linkedin...which do you click first?",Custom,you vote for? Donald Trump,Facebook,31,0.1
483,"You open ur phone and have a notif badge on instagram, facebook, snapchat, and linkedin...which do you click first?",Custom,you vote for? Donald Trump,Snapchat,178,0.574
484,"You open ur phone and have a notif badge on instagram, facebook, snapchat, and linkedin...which do you click first?",Custom,you vote for? Donald Trump,Linkedin,11,0.035
485,"You open ur phone and have a notif badge on instagram, facebook, snapchat, and linkedin...which do you click first?",Custom,Graduation Year 2017,Instagram,23,0.198
486,"You open ur phone and have a notif badge on instagram, facebook, snapchat, and linkedin...which do you click first?",Custom,Graduation Year 2017,Facebook,25,0.216
487,"You open ur phone and have a notif badge on instagram, facebook, snapchat, and linkedin...which do you click first?",Custom,Graduation Year 2017,Snapchat,63,0.543
488,"You open ur phone and have a notif badge on instagram, facebook, snapchat, and linkedin...which do you click first?",Custom,Graduation Year 2017,Linkedin,5,0.043
489,"You open ur phone and have a notif badge on instagram, facebook, snapchat, and linkedin...which do you click first?",Custom,closely identify as? Other,Instagram,14,0.269
490,"You open ur phone and have a notif badge on instagram, facebook, snapchat, and linkedin...which do you click first?",Custom,closely identify as? Other,Facebook,7,0.135
491,"You open ur phone and have a notif badge on instagram, facebook, snapchat, and linkedin...which do you click first?",Custom,closely identify as? Other,Snapchat,25,0.481
492,"You open ur phone and have a notif badge on instagram, facebook, snapchat, and linkedin...which do you click first?",Custom,closely identify as? Other,Linkedin,6,0.115
493,"You open ur phone and have a notif badge on instagram, facebook, snapchat, and linkedin...which do you click first?",Custom,closely identify as? Native American,Instagram,2,0.286
494,"You open ur phone and have a notif badge on instagram, facebook, snapchat, and linkedin...which do you click first?",Custom,closely identify as? Native American,Facebook,2,0.286
495,"You open ur phone and have a notif badge on instagram, facebook, snapchat, and linkedin...which do you click first?",Custom,closely identify as? Native American,Snapchat,3,0.429
496,"You open ur phone and have a notif badge on instagram, facebook, snapchat, and linkedin...which do you click first?",Custom,closely identify as? Native American,Linkedin,0,0
497,"You open ur phone and have a notif badge on instagram, facebook, snapchat, and linkedin...which do you click first?",Custom,closely identify as? Asian,Instagram,25,0.214
498,"You open ur phone and have a notif badge on instagram, facebook, snapchat, and linkedin...which do you click first?",Custom,closely identify as? Asian,Facebook,28,0.239
499,"You open ur phone and have a notif badge on instagram, facebook, snapchat, and linkedin...which do you click first?",Custom,closely identify as? Asian,Snapchat,59,0.504
500,"You open ur phone and have a notif badge on instagram, facebook, snapchat, and linkedin...which do you click first?",Custom,closely identify as? Asian,Linkedin,5,0.043
501,"You open ur phone and have a notif badge on instagram, facebook, snapchat, and linkedin...which do you click first?",Custom,closely identify as? Hispanic,Instagram,16,0.291
502,"You open ur phone and have a notif badge on instagram, facebook, snapchat, and linkedin...which do you click first?",Custom,closely identify as? Hispanic,Facebook,8,0.145
503,"You open ur phone and have a notif badge on instagram, facebook, snapchat, and linkedin...which do you click first?",Custom,closely identify as? Hispanic,Snapchat,29,0.527
504,"You open ur phone and have a notif badge on instagram, facebook, snapchat, and linkedin...which do you click first?",Custom,closely identify as? Hispanic,Linkedin,2,0.036
505,"You open ur phone and have a notif badge on instagram, facebook, snapchat, and linkedin...which do you click first?",Custom,I'm in? High School,Instagram,360,0.266
506,"You open ur phone and have a notif badge on instagram, facebook, snapchat, and linkedin...which do you click first?",Custom,I'm in? High School,Facebook,85,0.063
507,"You open ur phone and have a notif badge on instagram, facebook, snapchat, and linkedin...which do you click first?",Custom,I'm in? High School,Snapchat,892,0.659
508,"You open ur phone and have a notif badge on instagram, facebook, snapchat, and linkedin...which do you click first?",Custom,I'm in? High School,Linkedin,17,0.013
509,"You open ur phone and have a notif badge on instagram, facebook, snapchat, and linkedin...which do you click first?",Custom,your parents make?  $50K-$90K,Instagram,79,0.3
510,"You open ur phone and have a notif badge on instagram, facebook, snapchat, and linkedin...which do you click first?",Custom,your parents make?  $50K-$90K,Facebook,29,0.11
511,"You open ur phone and have a notif badge on instagram, facebook, snapchat, and linkedin...which do you click first?",Custom,your parents make?  $50K-$90K,Snapchat,151,0.574
512,"You open ur phone and have a notif badge on instagram, facebook, snapchat, and linkedin...which do you click first?",Custom,your parents make?  $50K-$90K,Linkedin,4,0.015
513,"You open ur phone and have a notif badge on instagram, facebook, snapchat, and linkedin...which do you click first?",Custom,Mac or PC? Other ,Instagram,5,0.217
514,"You open ur phone and have a notif badge on instagram, facebook, snapchat, and linkedin...which do you click first?",Custom,Mac or PC? Other ,Facebook,6,0.261
515,"You open ur phone and have a notif badge on instagram, facebook, snapchat, and linkedin...which do you click first?",Custom,Mac or PC? Other ,Snapchat,11,0.478
516,"You open ur phone and have a notif badge on instagram, facebook, snapchat, and linkedin...which do you click first?",Custom,Mac or PC? Other ,Linkedin,1,0.043
