User,Percentage,Segment Type,Segment Description,Answer,Count,Question
1,0.273,Mobile,Mobile respondents,Instagram,2559,"You open ur phone and have a notif badge on instagram, facebook, snapchat, and linkedin...which do you click first?"
2,0.126,Mobile,Mobile respondents,Facebook,1182,"You open ur phone and have a notif badge on instagram, facebook, snapchat, and linkedin...which do you click first?"
3,0.579,Mobile,Mobile respondents,Snapchat,5423,"You open ur phone and have a notif badge on instagram, facebook, snapchat, and linkedin...which do you click first?"
4,0.022,Mobile,Mobile respondents,Linkedin,210,"You open ur phone and have a notif badge on instagram, facebook, snapchat, and linkedin...which do you click first?"
5,0.256,Web,Web-based respondents,Instagram,30,"You open ur phone and have a notif badge on instagram, facebook, snapchat, and linkedin...which do you click first?"
6,0.274,Web,Web-based respondents,Facebook,32,"You open ur phone and have a notif badge on instagram, facebook, snapchat, and linkedin...which do you click first?"
7,0.402,Web,Web-based respondents,Snapchat,47,"You open ur phone and have a notif badge on instagram, facebook, snapchat, and linkedin...which do you click first?"
8,0.068,Web,Web-based respondents,Linkedin,8,"You open ur phone and have a notif badge on instagram, facebook, snapchat, and linkedin...which do you click first?"
9,0.3,Gender,Female respondents,Instagram,1576,"You open ur phone and have a notif badge on instagram, facebook, snapchat, and linkedin...which do you click first?"
10,0.122,Gender,Female respondents,Facebook,644,"You open ur phone and have a notif badge on instagram, facebook, snapchat, and linkedin...which do you click first?"
11,0.564,Gender,Female respondents,Snapchat,2967,"You open ur phone and have a notif badge on instagram, facebook, snapchat, and linkedin...which do you click first?"
12,0.014,Gender,Female respondents,Linkedin,73,"You open ur phone and have a notif badge on instagram, facebook, snapchat, and linkedin...which do you click first?"
13,0.24,Gender,Male respondents,Instagram,1008,"You open ur phone and have a notif badge on instagram, facebook, snapchat, and linkedin...which do you click first?"
14,0.135,Gender,Male respondents,Facebook,565,"You open ur phone and have a notif badge on instagram, facebook, snapchat, and linkedin...which do you click first?"
15,0.591,Gender,Male respondents,Snapchat,2483,"You open ur phone and have a notif badge on instagram, facebook, snapchat, and linkedin...which do you click first?"
16,0.034,Gender,Male respondents,Linkedin,142,"You open ur phone and have a notif badge on instagram, facebook, snapchat, and linkedin...which do you click first?"
17,0,University,John Glenn High School,Instagram,0,"You open ur phone and have a notif badge on instagram, facebook, snapchat, and linkedin...which do you click first?"
18,0,University,John Glenn High School,Facebook,0,"You open ur phone and have a notif badge on instagram, facebook, snapchat, and linkedin...which do you click first?"
19,0,University,John Glenn High School,Snapchat,0,"You open ur phone and have a notif badge on instagram, facebook, snapchat, and linkedin...which do you click first?"
20,1,University,John Glenn High School,Linkedin,1,"You open ur phone and have a notif badge on instagram, facebook, snapchat, and linkedin...which do you click first?"
21,0,University,Alfred State University,Instagram,0,"You open ur phone and have a notif badge on instagram, facebook, snapchat, and linkedin...which do you click first?"
22,1,University,Alfred State University,Facebook,1,"You open ur phone and have a notif badge on instagram, facebook, snapchat, and linkedin...which do you click first?"
23,0,University,Alfred State University,Snapchat,0,"You open ur phone and have a notif badge on instagram, facebook, snapchat, and linkedin...which do you click first?"
24,0,University,Alfred State University,Linkedin,0,"You open ur phone and have a notif badge on instagram, facebook, snapchat, and linkedin...which do you click first?"
25,0.053,University,Johns Hopkins University,Instagram,2,"You open ur phone and have a notif badge on instagram, facebook, snapchat, and linkedin...which do you click first?"
26,0.368,University,Johns Hopkins University,Facebook,14,"You open ur phone and have a notif badge on instagram, facebook, snapchat, and linkedin...which do you click first?"
27,0.553,University,Johns Hopkins University,Snapchat,21,"You open ur phone and have a notif badge on instagram, facebook, snapchat, and linkedin...which do you click first?"
28,0.026,University,Johns Hopkins University,Linkedin,1,"You open ur phone and have a notif badge on instagram, facebook, snapchat, and linkedin...which do you click first?"
29,0,University,Chapman University,Instagram,0,"You open ur phone and have a notif badge on instagram, facebook, snapchat, and linkedin...which do you click first?"
30,0,University,Chapman University,Facebook,0,"You open ur phone and have a notif badge on instagram, facebook, snapchat, and linkedin...which do you click first?"
31,1,University,Chapman University,Snapchat,1,"You open ur phone and have a notif badge on instagram, facebook, snapchat, and linkedin...which do you click first?"
32,0,University,Chapman University,Linkedin,0,"You open ur phone and have a notif badge on instagram, facebook, snapchat, and linkedin...which do you click first?"
33,0,University,Hillsdale College,Instagram,0,"You open ur phone and have a notif badge on instagram, facebook, snapchat, and linkedin...which do you click first?"
34,0,University,Hillsdale College,Facebook,0,"You open ur phone and have a notif badge on instagram, facebook, snapchat, and linkedin...which do you click first?"
35,1,University,Hillsdale College,Snapchat,1,"You open ur phone and have a notif badge on instagram, facebook, snapchat, and linkedin...which do you click first?"
36,0,University,Hillsdale College,Linkedin,0,"You open ur phone and have a notif badge on instagram, facebook, snapchat, and linkedin...which do you click first?"
37,1,University,University of New Hampshire,Instagram,2,"You open ur phone and have a notif badge on instagram, facebook, snapchat, and linkedin...which do you click first?"
38,0,University,University of New Hampshire,Facebook,0,"You open ur phone and have a notif badge on instagram, facebook, snapchat, and linkedin...which do you click first?"
39,0,University,University of New Hampshire,Snapchat,0,"You open ur phone and have a notif badge on instagram, facebook, snapchat, and linkedin...which do you click first?"
40,0,University,University of New Hampshire,Linkedin,0,"You open ur phone and have a notif badge on instagram, facebook, snapchat, and linkedin...which do you click first?"
41,0.237,University,University of North Carolina,Instagram,9,"You open ur phone and have a notif badge on instagram, facebook, snapchat, and linkedin...which do you click first?"
42,0.079,University,University of North Carolina,Facebook,3,"You open ur phone and have a notif badge on instagram, facebook, snapchat, and linkedin...which do you click first?"
43,0.684,University,University of North Carolina,Snapchat,26,"You open ur phone and have a notif badge on instagram, facebook, snapchat, and linkedin...which do you click first?"
44,0,University,University of North Carolina,Linkedin,0,"You open ur phone and have a notif badge on instagram, facebook, snapchat, and linkedin...which do you click first?"
45,0.275,University,Vanderbilt University,Instagram,11,"You open ur phone and have a notif badge on instagram, facebook, snapchat, and linkedin...which do you click first?"
46,0.2,University,Vanderbilt University,Facebook,8,"You open ur phone and have a notif badge on instagram, facebook, snapchat, and linkedin...which do you click first?"
47,0.525,University,Vanderbilt University,Snapchat,21,"You open ur phone and have a notif badge on instagram, facebook, snapchat, and linkedin...which do you click first?"
48,0,University,Vanderbilt University,Linkedin,0,"You open ur phone and have a notif badge on instagram, facebook, snapchat, and linkedin...which do you click first?"
49,0.236,University,University of Virginia,Instagram,37,"You open ur phone and have a notif badge on instagram, facebook, snapchat, and linkedin...which do you click first?"
50,0.172,University,University of Virginia,Facebook,27,"You open ur phone and have a notif badge on instagram, facebook, snapchat, and linkedin...which do you click first?"
51,0.548,University,University of Virginia,Snapchat,86,"You open ur phone and have a notif badge on instagram, facebook, snapchat, and linkedin...which do you click first?"
52,0.045,University,University of Virginia,Linkedin,7,"You open ur phone and have a notif badge on instagram, facebook, snapchat, and linkedin...which do you click first?"
53,0.242,University,University of Texas,Instagram,8,"You open ur phone and have a notif badge on instagram, facebook, snapchat, and linkedin...which do you click first?"
54,0.152,University,University of Texas,Facebook,5,"You open ur phone and have a notif badge on instagram, facebook, snapchat, and linkedin...which do you click first?"
55,0.485,University,University of Texas,Snapchat,16,"You open ur phone and have a notif badge on instagram, facebook, snapchat, and linkedin...which do you click first?"
56,0.121,University,University of Texas,Linkedin,4,"You open ur phone and have a notif badge on instagram, facebook, snapchat, and linkedin...which do you click first?"
57,0.248,University,Cornell University,Instagram,113,"You open ur phone and have a notif badge on instagram, facebook, snapchat, and linkedin...which do you click first?"
58,0.213,University,Cornell University,Facebook,97,"You open ur phone and have a notif badge on instagram, facebook, snapchat, and linkedin...which do you click first?"
59,0.496,University,Cornell University,Snapchat,226,"You open ur phone and have a notif badge on instagram, facebook, snapchat, and linkedin...which do you click first?"
60,0.044,University,Cornell University,Linkedin,20,"You open ur phone and have a notif badge on instagram, facebook, snapchat, and linkedin...which do you click first?"
61,0.333,University,Butler University,Instagram,9,"You open ur phone and have a notif badge on instagram, facebook, snapchat, and linkedin...which do you click first?"
62,0.074,University,Butler University,Facebook,2,"You open ur phone and have a notif badge on instagram, facebook, snapchat, and linkedin...which do you click first?"
63,0.481,University,Butler University,Snapchat,13,"You open ur phone and have a notif badge on instagram, facebook, snapchat, and linkedin...which do you click first?"
64,0.111,University,Butler University,Linkedin,3,"You open ur phone and have a notif badge on instagram, facebook, snapchat, and linkedin...which do you click first?"
65,0.11,University,University of Illinois,Instagram,8,"You open ur phone and have a notif badge on instagram, facebook, snapchat, and linkedin...which do you click first?"
66,0.178,University,University of Illinois,Facebook,13,"You open ur phone and have a notif badge on instagram, facebook, snapchat, and linkedin...which do you click first?"
67,0.644,University,University of Illinois,Snapchat,47,"You open ur phone and have a notif badge on instagram, facebook, snapchat, and linkedin...which do you click first?"
68,0.068,University,University of Illinois,Linkedin,5,"You open ur phone and have a notif badge on instagram, facebook, snapchat, and linkedin...which do you click first?"
69,0.347,University,University of Washington,Instagram,82,"You open ur phone and have a notif badge on instagram, facebook, snapchat, and linkedin...which do you click first?"
70,0.153,University,University of Washington,Facebook,36,"You open ur phone and have a notif badge on instagram, facebook, snapchat, and linkedin...which do you click first?"
71,0.487,University,University of Washington,Snapchat,115,"You open ur phone and have a notif badge on instagram, facebook, snapchat, and linkedin...which do you click first?"
72,0.013,University,University of Washington,Linkedin,3,"You open ur phone and have a notif badge on instagram, facebook, snapchat, and linkedin...which do you click first?"
73,0.192,University,Cal Poly San Luis Obispo,Instagram,5,"You open ur phone and have a notif badge on instagram, facebook, snapchat, and linkedin...which do you click first?"
74,0.077,University,Cal Poly San Luis Obispo,Facebook,2,"You open ur phone and have a notif badge on instagram, facebook, snapchat, and linkedin...which do you click first?"
75,0.731,University,Cal Poly San Luis Obispo,Snapchat,19,"You open ur phone and have a notif badge on instagram, facebook, snapchat, and linkedin...which do you click first?"
76,0,University,Cal Poly San Luis Obispo,Linkedin,0,"You open ur phone and have a notif badge on instagram, facebook, snapchat, and linkedin...which do you click first?"
77,0.217,University,Penn State University,Instagram,5,"You open ur phone and have a notif badge on instagram, facebook, snapchat, and linkedin...which do you click first?"
78,0.261,University,Penn State University,Facebook,6,"You open ur phone and have a notif badge on instagram, facebook, snapchat, and linkedin...which do you click first?"
79,0.522,University,Penn State University,Snapchat,12,"You open ur phone and have a notif badge on instagram, facebook, snapchat, and linkedin...which do you click first?"
80,0,University,Penn State University,Linkedin,0,"You open ur phone and have a notif badge on instagram, facebook, snapchat, and linkedin...which do you click first?"
81,0.207,University,University of Michigan,Instagram,12,"You open ur phone and have a notif badge on instagram, facebook, snapchat, and linkedin...which do you click first?"
82,0.293,University,University of Michigan,Facebook,17,"You open ur phone and have a notif badge on instagram, facebook, snapchat, and linkedin...which do you click first?"
83,0.431,University,University of Michigan,Snapchat,25,"You open ur phone and have a notif badge on instagram, facebook, snapchat, and linkedin...which do you click first?"
84,0.069,University,University of Michigan,Linkedin,4,"You open ur phone and have a notif badge on instagram, facebook, snapchat, and linkedin...which do you click first?"
85,0.25,University,Northwestern University,Instagram,12,"You open ur phone and have a notif badge on instagram, facebook, snapchat, and linkedin...which do you click first?"
86,0.292,University,Northwestern University,Facebook,14,"You open ur phone and have a notif badge on instagram, facebook, snapchat, and linkedin...which do you click first?"
87,0.417,University,Northwestern University,Snapchat,20,"You open ur phone and have a notif badge on instagram, facebook, snapchat, and linkedin...which do you click first?"
88,0.042,University,Northwestern University,Linkedin,2,"You open ur phone and have a notif badge on instagram, facebook, snapchat, and linkedin...which do you click first?"
89,0.216,University,Montgomery Blair High School,Instagram,8,"You open ur phone and have a notif badge on instagram, facebook, snapchat, and linkedin...which do you click first?"
90,0.081,University,Montgomery Blair High School,Facebook,3,"You open ur phone and have a notif badge on instagram, facebook, snapchat, and linkedin...which do you click first?"
91,0.649,University,Montgomery Blair High School,Snapchat,24,"You open ur phone and have a notif badge on instagram, facebook, snapchat, and linkedin...which do you click first?"
92,0.054,University,Montgomery Blair High School,Linkedin,2,"You open ur phone and have a notif badge on instagram, facebook, snapchat, and linkedin...which do you click first?"
93,0.333,University,University of Alabama,Instagram,9,"You open ur phone and have a notif badge on instagram, facebook, snapchat, and linkedin...which do you click first?"
94,0.111,University,University of Alabama,Facebook,3,"You open ur phone and have a notif badge on instagram, facebook, snapchat, and linkedin...which do you click first?"
95,0.519,University,University of Alabama,Snapchat,14,"You open ur phone and have a notif badge on instagram, facebook, snapchat, and linkedin...which do you click first?"
96,0.037,University,University of Alabama,Linkedin,1,"You open ur phone and have a notif badge on instagram, facebook, snapchat, and linkedin...which do you click first?"
97,0.4,University,James Madison University,Instagram,8,"You open ur phone and have a notif badge on instagram, facebook, snapchat, and linkedin...which do you click first?"
98,0.05,University,James Madison University,Facebook,1,"You open ur phone and have a notif badge on instagram, facebook, snapchat, and linkedin...which do you click first?"
99,0.55,University,James Madison University,Snapchat,11,"You open ur phone and have a notif badge on instagram, facebook, snapchat, and linkedin...which do you click first?"
100,0,University,James Madison University,Linkedin,0,"You open ur phone and have a notif badge on instagram, facebook, snapchat, and linkedin...which do you click first?"
101,0.2,University,Texas Christian University,Instagram,4,"You open ur phone and have a notif badge on instagram, facebook, snapchat, and linkedin...which do you click first?"
102,0.2,University,Texas Christian University,Facebook,4,"You open ur phone and have a notif badge on instagram, facebook, snapchat, and linkedin...which do you click first?"
103,0.5,University,Texas Christian University,Snapchat,10,"You open ur phone and have a notif badge on instagram, facebook, snapchat, and linkedin...which do you click first?"
104,0.1,University,Texas Christian University,Linkedin,2,"You open ur phone and have a notif badge on instagram, facebook, snapchat, and linkedin...which do you click first?"
105,0.238,University,Texas A&M University,Instagram,5,"You open ur phone and have a notif badge on instagram, facebook, snapchat, and linkedin...which do you click first?"
106,0.095,University,Texas A&M University,Facebook,2,"You open ur phone and have a notif badge on instagram, facebook, snapchat, and linkedin...which do you click first?"
107,0.667,University,Texas A&M University,Snapchat,14,"You open ur phone and have a notif badge on instagram, facebook, snapchat, and linkedin...which do you click first?"
108,0,University,Texas A&M University,Linkedin,0,"You open ur phone and have a notif badge on instagram, facebook, snapchat, and linkedin...which do you click first?"
109,0.333,University,University of Arkansas,Instagram,7,"You open ur phone and have a notif badge on instagram, facebook, snapchat, and linkedin...which do you click first?"
110,0.048,University,University of Arkansas,Facebook,1,"You open ur phone and have a notif badge on instagram, facebook, snapchat, and linkedin...which do you click first?"
111,0.571,University,University of Arkansas,Snapchat,12,"You open ur phone and have a notif badge on instagram, facebook, snapchat, and linkedin...which do you click first?"
112,0.048,University,University of Arkansas,Linkedin,1,"You open ur phone and have a notif badge on instagram, facebook, snapchat, and linkedin...which do you click first?"
113,0.311,University,San Diego State University,Instagram,14,"You open ur phone and have a notif badge on instagram, facebook, snapchat, and linkedin...which do you click first?"
114,0.067,University,San Diego State University,Facebook,3,"You open ur phone and have a notif badge on instagram, facebook, snapchat, and linkedin...which do you click first?"
115,0.6,University,San Diego State University,Snapchat,27,"You open ur phone and have a notif badge on instagram, facebook, snapchat, and linkedin...which do you click first?"
116,0.022,University,San Diego State University,Linkedin,1,"You open ur phone and have a notif badge on instagram, facebook, snapchat, and linkedin...which do you click first?"
117,0,University,University of Colorado Boulder,Instagram,0,"You open ur phone and have a notif badge on instagram, facebook, snapchat, and linkedin...which do you click first?"
118,0,University,University of Colorado Boulder,Facebook,0,"You open ur phone and have a notif badge on instagram, facebook, snapchat, and linkedin...which do you click first?"
119,1,University,University of Colorado Boulder,Snapchat,1,"You open ur phone and have a notif badge on instagram, facebook, snapchat, and linkedin...which do you click first?"
120,0,University,University of Colorado Boulder,Linkedin,0,"You open ur phone and have a notif badge on instagram, facebook, snapchat, and linkedin...which do you click first?"
121,1,University,Smith College,Instagram,1,"You open ur phone and have a notif badge on instagram, facebook, snapchat, and linkedin...which do you click first?"
122,0,University,Smith College,Facebook,0,"You open ur phone and have a notif badge on instagram, facebook, snapchat, and linkedin...which do you click first?"
123,0,University,Smith College,Snapchat,0,"You open ur phone and have a notif badge on instagram, facebook, snapchat, and linkedin...which do you click first?"
124,0,University,Smith College,Linkedin,0,"You open ur phone and have a notif badge on instagram, facebook, snapchat, and linkedin...which do you click first?"
125,0,University,University of Notre Dame,Instagram,0,"You open ur phone and have a notif badge on instagram, facebook, snapchat, and linkedin...which do you click first?"
126,1,University,University of Notre Dame,Facebook,1,"You open ur phone and have a notif badge on instagram, facebook, snapchat, and linkedin...which do you click first?"
127,0,University,University of Notre Dame,Snapchat,0,"You open ur phone and have a notif badge on instagram, facebook, snapchat, and linkedin...which do you click first?"
128,0,University,University of Notre Dame,Linkedin,0,"You open ur phone and have a notif badge on instagram, facebook, snapchat, and linkedin...which do you click first?"
129,0,University,University of Nebraska Omaha,Instagram,0,"You open ur phone and have a notif badge on instagram, facebook, snapchat, and linkedin...which do you click first?"
130,0,University,University of Nebraska Omaha,Facebook,0,"You open ur phone and have a notif badge on instagram, facebook, snapchat, and linkedin...which do you click first?"
131,1,University,University of Nebraska Omaha,Snapchat,1,"You open ur phone and have a notif badge on instagram, facebook, snapchat, and linkedin...which do you click first?"
132,0,University,University of Nebraska Omaha,Linkedin,0,"You open ur phone and have a notif badge on instagram, facebook, snapchat, and linkedin...which do you click first?"
133,0,University,University of Delaware,Instagram,0,"You open ur phone and have a notif badge on instagram, facebook, snapchat, and linkedin...which do you click first?"
134,0,University,University of Delaware,Facebook,0,"You open ur phone and have a notif badge on instagram, facebook, snapchat, and linkedin...which do you click first?"
135,1,University,University of Delaware,Snapchat,1,"You open ur phone and have a notif badge on instagram, facebook, snapchat, and linkedin...which do you click first?"
136,0,University,University of Delaware,Linkedin,0,"You open ur phone and have a notif badge on instagram, facebook, snapchat, and linkedin...which do you click first?"
137,0,University,Florida Atlantic University,Instagram,0,"You open ur phone and have a notif badge on instagram, facebook, snapchat, and linkedin...which do you click first?"
138,0,University,Florida Atlantic University,Facebook,0,"You open ur phone and have a notif badge on instagram, facebook, snapchat, and linkedin...which do you click first?"
139,1,University,Florida Atlantic University,Snapchat,1,"You open ur phone and have a notif badge on instagram, facebook, snapchat, and linkedin...which do you click first?"
140,0,University,Florida Atlantic University,Linkedin,0,"You open ur phone and have a notif badge on instagram, facebook, snapchat, and linkedin...which do you click first?"
141,1,University,University of Wisconsin Stevens Point,Instagram,1,"You open ur phone and have a notif badge on instagram, facebook, snapchat, and linkedin...which do you click first?"
142,0,University,University of Wisconsin Stevens Point,Facebook,0,"You open ur phone and have a notif badge on instagram, facebook, snapchat, and linkedin...which do you click first?"
143,0,University,University of Wisconsin Stevens Point,Snapchat,0,"You open ur phone and have a notif badge on instagram, facebook, snapchat, and linkedin...which do you click first?"
144,0,University,University of Wisconsin Stevens Point,Linkedin,0,"You open ur phone and have a notif badge on instagram, facebook, snapchat, and linkedin...which do you click first?"
145,1,University,University of California Riverside,Instagram,1,"You open ur phone and have a notif badge on instagram, facebook, snapchat, and linkedin...which do you click first?"
146,0,University,University of California Riverside,Facebook,0,"You open ur phone and have a notif badge on instagram, facebook, snapchat, and linkedin...which do you click first?"
147,0,University,University of California Riverside,Snapchat,0,"You open ur phone and have a notif badge on instagram, facebook, snapchat, and linkedin...which do you click first?"
148,0,University,University of California Riverside,Linkedin,0,"You open ur phone and have a notif badge on instagram, facebook, snapchat, and linkedin...which do you click first?"
149,0,University,Louisiana State University,Instagram,0,"You open ur phone and have a notif badge on instagram, facebook, snapchat, and linkedin...which do you click first?"
150,0,University,Louisiana State University,Facebook,0,"You open ur phone and have a notif badge on instagram, facebook, snapchat, and linkedin...which do you click first?"
151,1,University,Louisiana State University,Snapchat,1,"You open ur phone and have a notif badge on instagram, facebook, snapchat, and linkedin...which do you click first?"
152,0,University,Louisiana State University,Linkedin,0,"You open ur phone and have a notif badge on instagram, facebook, snapchat, and linkedin...which do you click first?"
153,0,University,Temple University,Instagram,0,"You open ur phone and have a notif badge on instagram, facebook, snapchat, and linkedin...which do you click first?"
154,0,University,Temple University,Facebook,0,"You open ur phone and have a notif badge on instagram, facebook, snapchat, and linkedin...which do you click first?"
155,1,University,Temple University,Snapchat,2,"You open ur phone and have a notif badge on instagram, facebook, snapchat, and linkedin...which do you click first?"
156,0,University,Temple University,Linkedin,0,"You open ur phone and have a notif badge on instagram, facebook, snapchat, and linkedin...which do you click first?"
157,1,University,High Point University,Instagram,1,"You open ur phone and have a notif badge on instagram, facebook, snapchat, and linkedin...which do you click first?"
158,0,University,High Point University,Facebook,0,"You open ur phone and have a notif badge on instagram, facebook, snapchat, and linkedin...which do you click first?"
159,0,University,High Point University,Snapchat,0,"You open ur phone and have a notif badge on instagram, facebook, snapchat, and linkedin...which do you click first?"
160,0,University,High Point University,Linkedin,0,"You open ur phone and have a notif badge on instagram, facebook, snapchat, and linkedin...which do you click first?"
161,1,University,Dartmouth College,Instagram,1,"You open ur phone and have a notif badge on instagram, facebook, snapchat, and linkedin...which do you click first?"
162,0,University,Dartmouth College,Facebook,0,"You open ur phone and have a notif badge on instagram, facebook, snapchat, and linkedin...which do you click first?"
163,0,University,Dartmouth College,Snapchat,0,"You open ur phone and have a notif badge on instagram, facebook, snapchat, and linkedin...which do you click first?"
164,0,University,Dartmouth College,Linkedin,0,"You open ur phone and have a notif badge on instagram, facebook, snapchat, and linkedin...which do you click first?"
165,0,University,Duke University,Instagram,0,"You open ur phone and have a notif badge on instagram, facebook, snapchat, and linkedin...which do you click first?"
166,0,University,Duke University,Facebook,0,"You open ur phone and have a notif badge on instagram, facebook, snapchat, and linkedin...which do you click first?"
167,1,University,Duke University,Snapchat,1,"You open ur phone and have a notif badge on instagram, facebook, snapchat, and linkedin...which do you click first?"
168,0,University,Duke University,Linkedin,0,"You open ur phone and have a notif badge on instagram, facebook, snapchat, and linkedin...which do you click first?"
169,0,University,University of California Irvine,Instagram,0,"You open ur phone and have a notif badge on instagram, facebook, snapchat, and linkedin...which do you click first?"
170,1,University,University of California Irvine,Facebook,2,"You open ur phone and have a notif badge on instagram, facebook, snapchat, and linkedin...which do you click first?"
171,0,University,University of California Irvine,Snapchat,0,"You open ur phone and have a notif badge on instagram, facebook, snapchat, and linkedin...which do you click first?"
172,0,University,University of California Irvine,Linkedin,0,"You open ur phone and have a notif badge on instagram, facebook, snapchat, and linkedin...which do you click first?"
173,1,University,University of British Columbia,Instagram,1,"You open ur phone and have a notif badge on instagram, facebook, snapchat, and linkedin...which do you click first?"
174,0,University,University of British Columbia,Facebook,0,"You open ur phone and have a notif badge on instagram, facebook, snapchat, and linkedin...which do you click first?"
175,0,University,University of British Columbia,Snapchat,0,"You open ur phone and have a notif badge on instagram, facebook, snapchat, and linkedin...which do you click first?"
176,0,University,University of British Columbia,Linkedin,0,"You open ur phone and have a notif badge on instagram, facebook, snapchat, and linkedin...which do you click first?"
177,0,University,San Marin High School,Instagram,0,"You open ur phone and have a notif badge on instagram, facebook, snapchat, and linkedin...which do you click first?"
178,0,University,San Marin High School,Facebook,0,"You open ur phone and have a notif badge on instagram, facebook, snapchat, and linkedin...which do you click first?"
179,1,University,San Marin High School,Snapchat,1,"You open ur phone and have a notif badge on instagram, facebook, snapchat, and linkedin...which do you click first?"
180,0,University,San Marin High School,Linkedin,0,"You open ur phone and have a notif badge on instagram, facebook, snapchat, and linkedin...which do you click first?"
181,0,University,Ohio University,Instagram,0,"You open ur phone and have a notif badge on instagram, facebook, snapchat, and linkedin...which do you click first?"
182,0,University,Ohio University,Facebook,0,"You open ur phone and have a notif badge on instagram, facebook, snapchat, and linkedin...which do you click first?"
183,1,University,Ohio University,Snapchat,1,"You open ur phone and have a notif badge on instagram, facebook, snapchat, and linkedin...which do you click first?"
184,0,University,Ohio University,Linkedin,0,"You open ur phone and have a notif badge on instagram, facebook, snapchat, and linkedin...which do you click first?"
185,1,University,Wilfred Laurier University,Instagram,1,"You open ur phone and have a notif badge on instagram, facebook, snapchat, and linkedin...which do you click first?"
186,0,University,Wilfred Laurier University,Facebook,0,"You open ur phone and have a notif badge on instagram, facebook, snapchat, and linkedin...which do you click first?"
187,0,University,Wilfred Laurier University,Snapchat,0,"You open ur phone and have a notif badge on instagram, facebook, snapchat, and linkedin...which do you click first?"
188,0,University,Wilfred Laurier University,Linkedin,0,"You open ur phone and have a notif badge on instagram, facebook, snapchat, and linkedin...which do you click first?"
189,0,University,UMass Amherst,Instagram,0,"You open ur phone and have a notif badge on instagram, facebook, snapchat, and linkedin...which do you click first?"
190,0,University,UMass Amherst,Facebook,0,"You open ur phone and have a notif badge on instagram, facebook, snapchat, and linkedin...which do you click first?"
191,1,University,UMass Amherst,Snapchat,2,"You open ur phone and have a notif badge on instagram, facebook, snapchat, and linkedin...which do you click first?"
192,0,University,UMass Amherst,Linkedin,0,"You open ur phone and have a notif badge on instagram, facebook, snapchat, and linkedin...which do you click first?"
193,0,University,University of Southern California,Instagram,0,"You open ur phone and have a notif badge on instagram, facebook, snapchat, and linkedin...which do you click first?"
194,0,University,University of Southern California,Facebook,0,"You open ur phone and have a notif badge on instagram, facebook, snapchat, and linkedin...which do you click first?"
195,0,University,University of Southern California,Snapchat,0,"You open ur phone and have a notif badge on instagram, facebook, snapchat, and linkedin...which do you click first?"
196,1,University,University of Southern California,Linkedin,1,"You open ur phone and have a notif badge on instagram, facebook, snapchat, and linkedin...which do you click first?"
197,0.333,University,"University of California, Los Angeles",Instagram,1,"You open ur phone and have a notif badge on instagram, facebook, snapchat, and linkedin...which do you click first?"
198,0,University,"University of California, Los Angeles",Facebook,0,"You open ur phone and have a notif badge on instagram, facebook, snapchat, and linkedin...which do you click first?"
199,0.667,University,"University of California, Los Angeles",Snapchat,2,"You open ur phone and have a notif badge on instagram, facebook, snapchat, and linkedin...which do you click first?"
200,0,University,"University of California, Los Angeles",Linkedin,0,"You open ur phone and have a notif badge on instagram, facebook, snapchat, and linkedin...which do you click first?"
201,1,University,Iowa State University,Instagram,1,"You open ur phone and have a notif badge on instagram, facebook, snapchat, and linkedin...which do you click first?"
202,0,University,Iowa State University,Facebook,0,"You open ur phone and have a notif badge on instagram, facebook, snapchat, and linkedin...which do you click first?"
203,0,University,Iowa State University,Snapchat,0,"You open ur phone and have a notif badge on instagram, facebook, snapchat, and linkedin...which do you click first?"
204,0,University,Iowa State University,Linkedin,0,"You open ur phone and have a notif badge on instagram, facebook, snapchat, and linkedin...which do you click first?"
205,0,University,"University of California, Davis",Instagram,0,"You open ur phone and have a notif badge on instagram, facebook, snapchat, and linkedin...which do you click first?"
206,1,University,"University of California, Davis",Facebook,2,"You open ur phone and have a notif badge on instagram, facebook, snapchat, and linkedin...which do you click first?"
207,0,University,"University of California, Davis",Snapchat,0,"You open ur phone and have a notif badge on instagram, facebook, snapchat, and linkedin...which do you click first?"
208,0,University,"University of California, Davis",Linkedin,0,"You open ur phone and have a notif badge on instagram, facebook, snapchat, and linkedin...which do you click first?"
209,0,University,Missouri State University,Instagram,0,"You open ur phone and have a notif badge on instagram, facebook, snapchat, and linkedin...which do you click first?"
210,0,University,Missouri State University,Facebook,0,"You open ur phone and have a notif badge on instagram, facebook, snapchat, and linkedin...which do you click first?"
211,1,University,Missouri State University,Snapchat,1,"You open ur phone and have a notif badge on instagram, facebook, snapchat, and linkedin...which do you click first?"
212,0,University,Missouri State University,Linkedin,0,"You open ur phone and have a notif badge on instagram, facebook, snapchat, and linkedin...which do you click first?"
213,0,University,Rice University,Instagram,0,"You open ur phone and have a notif badge on instagram, facebook, snapchat, and linkedin...which do you click first?"
214,0,University,Rice University,Facebook,0,"You open ur phone and have a notif badge on instagram, facebook, snapchat, and linkedin...which do you click first?"
215,1,University,Rice University,Snapchat,1,"You open ur phone and have a notif badge on instagram, facebook, snapchat, and linkedin...which do you click first?"
216,0,University,Rice University,Linkedin,0,"You open ur phone and have a notif badge on instagram, facebook, snapchat, and linkedin...which do you click first?"
217,1,University,University of Tennessee,Instagram,1,"You open ur phone and have a notif badge on instagram, facebook, snapchat, and linkedin...which do you click first?"
218,0,University,University of Tennessee,Facebook,0,"You open ur phone and have a notif badge on instagram, facebook, snapchat, and linkedin...which do you click first?"
219,0,University,University of Tennessee,Snapchat,0,"You open ur phone and have a notif badge on instagram, facebook, snapchat, and linkedin...which do you click first?"
220,0,University,University of Tennessee,Linkedin,0,"You open ur phone and have a notif badge on instagram, facebook, snapchat, and linkedin...which do you click first?"
221,0,University,Claremont McKenna College,Instagram,0,"You open ur phone and have a notif badge on instagram, facebook, snapchat, and linkedin...which do you click first?"
222,1,University,Claremont McKenna College,Facebook,1,"You open ur phone and have a notif badge on instagram, facebook, snapchat, and linkedin...which do you click first?"
223,0,University,Claremont McKenna College,Snapchat,0,"You open ur phone and have a notif badge on instagram, facebook, snapchat, and linkedin...which do you click first?"
224,0,University,Claremont McKenna College,Linkedin,0,"You open ur phone and have a notif badge on instagram, facebook, snapchat, and linkedin...which do you click first?"
225,0,University,University of Oregon,Instagram,0,"You open ur phone and have a notif badge on instagram, facebook, snapchat, and linkedin...which do you click first?"
226,0,University,University of Oregon,Facebook,0,"You open ur phone and have a notif badge on instagram, facebook, snapchat, and linkedin...which do you click first?"
227,1,University,University of Oregon,Snapchat,1,"You open ur phone and have a notif badge on instagram, facebook, snapchat, and linkedin...which do you click first?"
228,0,University,University of Oregon,Linkedin,0,"You open ur phone and have a notif badge on instagram, facebook, snapchat, and linkedin...which do you click first?"
229,0.5,University,Chaparral High School,Instagram,1,"You open ur phone and have a notif badge on instagram, facebook, snapchat, and linkedin...which do you click first?"
230,0,University,Chaparral High School,Facebook,0,"You open ur phone and have a notif badge on instagram, facebook, snapchat, and linkedin...which do you click first?"
231,0.5,University,Chaparral High School,Snapchat,1,"You open ur phone and have a notif badge on instagram, facebook, snapchat, and linkedin...which do you click first?"
232,0,University,Chaparral High School,Linkedin,0,"You open ur phone and have a notif badge on instagram, facebook, snapchat, and linkedin...which do you click first?"
233,1,University,Syracuse University,Instagram,1,"You open ur phone and have a notif badge on instagram, facebook, snapchat, and linkedin...which do you click first?"
234,0,University,Syracuse University,Facebook,0,"You open ur phone and have a notif badge on instagram, facebook, snapchat, and linkedin...which do you click first?"
235,0,University,Syracuse University,Snapchat,0,"You open ur phone and have a notif badge on instagram, facebook, snapchat, and linkedin...which do you click first?"
236,0,University,Syracuse University,Linkedin,0,"You open ur phone and have a notif badge on instagram, facebook, snapchat, and linkedin...which do you click first?"
237,0,University,University of Waterloo,Instagram,0,"You open ur phone and have a notif badge on instagram, facebook, snapchat, and linkedin...which do you click first?"
238,0,University,University of Waterloo,Facebook,0,"You open ur phone and have a notif badge on instagram, facebook, snapchat, and linkedin...which do you click first?"
239,1,University,University of Waterloo,Snapchat,1,"You open ur phone and have a notif badge on instagram, facebook, snapchat, and linkedin...which do you click first?"
240,0,University,University of Waterloo,Linkedin,0,"You open ur phone and have a notif badge on instagram, facebook, snapchat, and linkedin...which do you click first?"
241,1,University,Mountain Vista High School,Instagram,1,"You open ur phone and have a notif badge on instagram, facebook, snapchat, and linkedin...which do you click first?"
242,0,University,Mountain Vista High School,Facebook,0,"You open ur phone and have a notif badge on instagram, facebook, snapchat, and linkedin...which do you click first?"
243,0,University,Mountain Vista High School,Snapchat,0,"You open ur phone and have a notif badge on instagram, facebook, snapchat, and linkedin...which do you click first?"
244,0,University,Mountain Vista High School,Linkedin,0,"You open ur phone and have a notif badge on instagram, facebook, snapchat, and linkedin...which do you click first?"
245,1,University,Texas State University,Instagram,1,"You open ur phone and have a notif badge on instagram, facebook, snapchat, and linkedin...which do you click first?"
246,0,University,Texas State University,Facebook,0,"You open ur phone and have a notif badge on instagram, facebook, snapchat, and linkedin...which do you click first?"
247,0,University,Texas State University,Snapchat,0,"You open ur phone and have a notif badge on instagram, facebook, snapchat, and linkedin...which do you click first?"
248,0,University,Texas State University,Linkedin,0,"You open ur phone and have a notif badge on instagram, facebook, snapchat, and linkedin...which do you click first?"
249,0,University,Southern Illinois University Carbondale,Instagram,0,"You open ur phone and have a notif badge on instagram, facebook, snapchat, and linkedin...which do you click first?"
250,0,University,Southern Illinois University Carbondale,Facebook,0,"You open ur phone and have a notif badge on instagram, facebook, snapchat, and linkedin...which do you click first?"
251,1,University,Southern Illinois University Carbondale,Snapchat,1,"You open ur phone and have a notif badge on instagram, facebook, snapchat, and linkedin...which do you click first?"
252,0,University,Southern Illinois University Carbondale,Linkedin,0,"You open ur phone and have a notif badge on instagram, facebook, snapchat, and linkedin...which do you click first?"
253,0,University,George Washington University,Instagram,0,"You open ur phone and have a notif badge on instagram, facebook, snapchat, and linkedin...which do you click first?"
254,1,University,George Washington University,Facebook,1,"You open ur phone and have a notif badge on instagram, facebook, snapchat, and linkedin...which do you click first?"
255,0,University,George Washington University,Snapchat,0,"You open ur phone and have a notif badge on instagram, facebook, snapchat, and linkedin...which do you click first?"
256,0,University,George Washington University,Linkedin,0,"You open ur phone and have a notif badge on instagram, facebook, snapchat, and linkedin...which do you click first?"
257,0,University,University of Louisville,Instagram,0,"You open ur phone and have a notif badge on instagram, facebook, snapchat, and linkedin...which do you click first?"
258,0,University,University of Louisville,Facebook,0,"You open ur phone and have a notif badge on instagram, facebook, snapchat, and linkedin...which do you click first?"
259,1,University,University of Louisville,Snapchat,1,"You open ur phone and have a notif badge on instagram, facebook, snapchat, and linkedin...which do you click first?"
260,0,University,University of Louisville,Linkedin,0,"You open ur phone and have a notif badge on instagram, facebook, snapchat, and linkedin...which do you click first?"
261,0,University,Southern Methodist University,Instagram,0,"You open ur phone and have a notif badge on instagram, facebook, snapchat, and linkedin...which do you click first?"
262,0,University,Southern Methodist University,Facebook,0,"You open ur phone and have a notif badge on instagram, facebook, snapchat, and linkedin...which do you click first?"
263,1,University,Southern Methodist University,Snapchat,1,"You open ur phone and have a notif badge on instagram, facebook, snapchat, and linkedin...which do you click first?"
264,0,University,Southern Methodist University,Linkedin,0,"You open ur phone and have a notif badge on instagram, facebook, snapchat, and linkedin...which do you click first?"
265,0,University,University of Minnesota,Instagram,0,"You open ur phone and have a notif badge on instagram, facebook, snapchat, and linkedin...which do you click first?"
266,0.5,University,University of Minnesota,Facebook,1,"You open ur phone and have a notif badge on instagram, facebook, snapchat, and linkedin...which do you click first?"
267,0.5,University,University of Minnesota,Snapchat,1,"You open ur phone and have a notif badge on instagram, facebook, snapchat, and linkedin...which do you click first?"
268,0,University,University of Minnesota,Linkedin,0,"You open ur phone and have a notif badge on instagram, facebook, snapchat, and linkedin...which do you click first?"
269,0,University,York University,Instagram,0,"You open ur phone and have a notif badge on instagram, facebook, snapchat, and linkedin...which do you click first?"
270,1,University,York University,Facebook,1,"You open ur phone and have a notif badge on instagram, facebook, snapchat, and linkedin...which do you click first?"
271,0,University,York University,Snapchat,0,"You open ur phone and have a notif badge on instagram, facebook, snapchat, and linkedin...which do you click first?"
272,0,University,York University,Linkedin,0,"You open ur phone and have a notif badge on instagram, facebook, snapchat, and linkedin...which do you click first?"
273,0,University,Santa Clara University,Instagram,0,"You open ur phone and have a notif badge on instagram, facebook, snapchat, and linkedin...which do you click first?"
274,0,University,Santa Clara University,Facebook,0,"You open ur phone and have a notif badge on instagram, facebook, snapchat, and linkedin...which do you click first?"
275,0,University,Santa Clara University,Snapchat,0,"You open ur phone and have a notif badge on instagram, facebook, snapchat, and linkedin...which do you click first?"
276,1,University,Santa Clara University,Linkedin,1,"You open ur phone and have a notif badge on instagram, facebook, snapchat, and linkedin...which do you click first?"
277,0.388,University,Indiana University,Instagram,19,"You open ur phone and have a notif badge on instagram, facebook, snapchat, and linkedin...which do you click first?"
278,0.082,University,Indiana University,Facebook,4,"You open ur phone and have a notif badge on instagram, facebook, snapchat, and linkedin...which do you click first?"
279,0.49,University,Indiana University,Snapchat,24,"You open ur phone and have a notif badge on instagram, facebook, snapchat, and linkedin...which do you click first?"
280,0.041,University,Indiana University,Linkedin,2,"You open ur phone and have a notif badge on instagram, facebook, snapchat, and linkedin...which do you click first?"
281,0.172,University,"University of California, Berkeley",Instagram,10,"You open ur phone and have a notif badge on instagram, facebook, snapchat, and linkedin...which do you click first?"
282,0.241,University,"University of California, Berkeley",Facebook,14,"You open ur phone and have a notif badge on instagram, facebook, snapchat, and linkedin...which do you click first?"
283,0.552,University,"University of California, Berkeley",Snapchat,32,"You open ur phone and have a notif badge on instagram, facebook, snapchat, and linkedin...which do you click first?"
284,0.034,University,"University of California, Berkeley",Linkedin,2,"You open ur phone and have a notif badge on instagram, facebook, snapchat, and linkedin...which do you click first?"
285,0.205,University,College of William and Mary,Instagram,8,"You open ur phone and have a notif badge on instagram, facebook, snapchat, and linkedin...which do you click first?"
286,0.308,University,College of William and Mary,Facebook,12,"You open ur phone and have a notif badge on instagram, facebook, snapchat, and linkedin...which do you click first?"
287,0.41,University,College of William and Mary,Snapchat,16,"You open ur phone and have a notif badge on instagram, facebook, snapchat, and linkedin...which do you click first?"
288,0.077,University,College of William and Mary,Linkedin,3,"You open ur phone and have a notif badge on instagram, facebook, snapchat, and linkedin...which do you click first?"
289,0.189,University,University of Missouri,Instagram,7,"You open ur phone and have a notif badge on instagram, facebook, snapchat, and linkedin...which do you click first?"
290,0.243,University,University of Missouri,Facebook,9,"You open ur phone and have a notif badge on instagram, facebook, snapchat, and linkedin...which do you click first?"
291,0.541,University,University of Missouri,Snapchat,20,"You open ur phone and have a notif badge on instagram, facebook, snapchat, and linkedin...which do you click first?"
292,0.027,University,University of Missouri,Linkedin,1,"You open ur phone and have a notif badge on instagram, facebook, snapchat, and linkedin...which do you click first?"
293,0.286,University,Virginia Tech,Instagram,8,"You open ur phone and have a notif badge on instagram, facebook, snapchat, and linkedin...which do you click first?"
294,0.143,University,Virginia Tech,Facebook,4,"You open ur phone and have a notif badge on instagram, facebook, snapchat, and linkedin...which do you click first?"
295,0.571,University,Virginia Tech,Snapchat,16,"You open ur phone and have a notif badge on instagram, facebook, snapchat, and linkedin...which do you click first?"
296,0,University,Virginia Tech,Linkedin,0,"You open ur phone and have a notif badge on instagram, facebook, snapchat, and linkedin...which do you click first?"
297,0.318,University,Purdue University,Instagram,7,"You open ur phone and have a notif badge on instagram, facebook, snapchat, and linkedin...which do you click first?"
298,0.045,University,Purdue University,Facebook,1,"You open ur phone and have a notif badge on instagram, facebook, snapchat, and linkedin...which do you click first?"
299,0.591,University,Purdue University,Snapchat,13,"You open ur phone and have a notif badge on instagram, facebook, snapchat, and linkedin...which do you click first?"
300,0.045,University,Purdue University,Linkedin,1,"You open ur phone and have a notif badge on instagram, facebook, snapchat, and linkedin...which do you click first?"
301,0.175,University,Appalachian State University,Instagram,7,"You open ur phone and have a notif badge on instagram, facebook, snapchat, and linkedin...which do you click first?"
302,0.125,University,Appalachian State University,Facebook,5,"You open ur phone and have a notif badge on instagram, facebook, snapchat, and linkedin...which do you click first?"
303,0.675,University,Appalachian State University,Snapchat,27,"You open ur phone and have a notif badge on instagram, facebook, snapchat, and linkedin...which do you click first?"
304,0.025,University,Appalachian State University,Linkedin,1,"You open ur phone and have a notif badge on instagram, facebook, snapchat, and linkedin...which do you click first?"
305,0.276,University,Emory University,Instagram,8,"You open ur phone and have a notif badge on instagram, facebook, snapchat, and linkedin...which do you click first?"
306,0.276,University,Emory University,Facebook,8,"You open ur phone and have a notif badge on instagram, facebook, snapchat, and linkedin...which do you click first?"
307,0.414,University,Emory University,Snapchat,12,"You open ur phone and have a notif badge on instagram, facebook, snapchat, and linkedin...which do you click first?"
308,0.034,University,Emory University,Linkedin,1,"You open ur phone and have a notif badge on instagram, facebook, snapchat, and linkedin...which do you click first?"
309,0.29,University,University of Arizona,Instagram,9,"You open ur phone and have a notif badge on instagram, facebook, snapchat, and linkedin...which do you click first?"
310,0.129,University,University of Arizona,Facebook,4,"You open ur phone and have a notif badge on instagram, facebook, snapchat, and linkedin...which do you click first?"
311,0.581,University,University of Arizona,Snapchat,18,"You open ur phone and have a notif badge on instagram, facebook, snapchat, and linkedin...which do you click first?"
312,0,University,University of Arizona,Linkedin,0,"You open ur phone and have a notif badge on instagram, facebook, snapchat, and linkedin...which do you click first?"
313,0.3,University,Truman State University,Instagram,9,"You open ur phone and have a notif badge on instagram, facebook, snapchat, and linkedin...which do you click first?"
314,0.3,University,Truman State University,Facebook,9,"You open ur phone and have a notif badge on instagram, facebook, snapchat, and linkedin...which do you click first?"
315,0.367,University,Truman State University,Snapchat,11,"You open ur phone and have a notif badge on instagram, facebook, snapchat, and linkedin...which do you click first?"
316,0.033,University,Truman State University,Linkedin,1,"You open ur phone and have a notif badge on instagram, facebook, snapchat, and linkedin...which do you click first?"
317,0.328,University,University of Wisconsin-Madison,Instagram,21,"You open ur phone and have a notif badge on instagram, facebook, snapchat, and linkedin...which do you click first?"
318,0.172,University,University of Wisconsin-Madison,Facebook,11,"You open ur phone and have a notif badge on instagram, facebook, snapchat, and linkedin...which do you click first?"
319,0.438,University,University of Wisconsin-Madison,Snapchat,28,"You open ur phone and have a notif badge on instagram, facebook, snapchat, and linkedin...which do you click first?"
320,0.063,University,University of Wisconsin-Madison,Linkedin,4,"You open ur phone and have a notif badge on instagram, facebook, snapchat, and linkedin...which do you click first?"
321,0.348,University,Ohio State University,Instagram,8,"You open ur phone and have a notif badge on instagram, facebook, snapchat, and linkedin...which do you click first?"
322,0.087,University,Ohio State University,Facebook,2,"You open ur phone and have a notif badge on instagram, facebook, snapchat, and linkedin...which do you click first?"
323,0.522,University,Ohio State University,Snapchat,12,"You open ur phone and have a notif badge on instagram, facebook, snapchat, and linkedin...which do you click first?"
324,0.043,University,Ohio State University,Linkedin,1,"You open ur phone and have a notif badge on instagram, facebook, snapchat, and linkedin...which do you click first?"
325,0.217,Custom,your parents make? $90K-$240k,Instagram,69,"You open ur phone and have a notif badge on instagram, facebook, snapchat, and linkedin...which do you click first?"
326,0.186,Custom,your parents make? $90K-$240k,Facebook,59,"You open ur phone and have a notif badge on instagram, facebook, snapchat, and linkedin...which do you click first?"
327,0.557,Custom,your parents make? $90K-$240k,Snapchat,177,"You open ur phone and have a notif badge on instagram, facebook, snapchat, and linkedin...which do you click first?"
328,0.041,Custom,your parents make? $90K-$240k,Linkedin,13,"You open ur phone and have a notif badge on instagram, facebook, snapchat, and linkedin...which do you click first?"
329,0.278,Custom,student loan debt? No,Instagram,355,"You open ur phone and have a notif badge on instagram, facebook, snapchat, and linkedin...which do you click first?"
330,0.148,Custom,student loan debt? No,Facebook,189,"You open ur phone and have a notif badge on instagram, facebook, snapchat, and linkedin...which do you click first?"
331,0.537,Custom,student loan debt? No,Snapchat,685,"You open ur phone and have a notif badge on instagram, facebook, snapchat, and linkedin...which do you click first?"
332,0.036,Custom,student loan debt? No,Linkedin,46,"You open ur phone and have a notif badge on instagram, facebook, snapchat, and linkedin...which do you click first?"
333,0.238,Custom,student loan debt? Yes,Instagram,145,"You open ur phone and have a notif badge on instagram, facebook, snapchat, and linkedin...which do you click first?"
334,0.177,Custom,student loan debt? Yes,Facebook,108,"You open ur phone and have a notif badge on instagram, facebook, snapchat, and linkedin...which do you click first?"
335,0.548,Custom,student loan debt? Yes,Snapchat,334,"You open ur phone and have a notif badge on instagram, facebook, snapchat, and linkedin...which do you click first?"
336,0.036,Custom,student loan debt? Yes,Linkedin,22,"You open ur phone and have a notif badge on instagram, facebook, snapchat, and linkedin...which do you click first?"
337,0.324,Custom,you vote for? Didn't vote,Instagram,66,"You open ur phone and have a notif badge on instagram, facebook, snapchat, and linkedin...which do you click first?"
338,0.152,Custom,you vote for? Didn't vote,Facebook,31,"You open ur phone and have a notif badge on instagram, facebook, snapchat, and linkedin...which do you click first?"
339,0.49,Custom,you vote for? Didn't vote,Snapchat,100,"You open ur phone and have a notif badge on instagram, facebook, snapchat, and linkedin...which do you click first?"
340,0.034,Custom,you vote for? Didn't vote,Linkedin,7,"You open ur phone and have a notif badge on instagram, facebook, snapchat, and linkedin...which do you click first?"
341,0.245,Custom,your parents make?  < $50K,Instagram,40,"You open ur phone and have a notif badge on instagram, facebook, snapchat, and linkedin...which do you click first?"
342,0.104,Custom,your parents make?  < $50K,Facebook,17,"You open ur phone and have a notif badge on instagram, facebook, snapchat, and linkedin...which do you click first?"
343,0.62,Custom,your parents make?  < $50K,Snapchat,101,"You open ur phone and have a notif badge on instagram, facebook, snapchat, and linkedin...which do you click first?"
344,0.031,Custom,your parents make?  < $50K,Linkedin,5,"You open ur phone and have a notif badge on instagram, facebook, snapchat, and linkedin...which do you click first?"
345,0.26,Custom,you vote for? Writing in Bernie,Instagram,27,"You open ur phone and have a notif badge on instagram, facebook, snapchat, and linkedin...which do you click first?"
346,0.192,Custom,you vote for? Writing in Bernie,Facebook,20,"You open ur phone and have a notif badge on instagram, facebook, snapchat, and linkedin...which do you click first?"
347,0.519,Custom,you vote for? Writing in Bernie,Snapchat,54,"You open ur phone and have a notif badge on instagram, facebook, snapchat, and linkedin...which do you click first?"
348,0.029,Custom,you vote for? Writing in Bernie,Linkedin,3,"You open ur phone and have a notif badge on instagram, facebook, snapchat, and linkedin...which do you click first?"
349,0.236,Custom,you vote for? Hillary Clinton,Instagram,135,"You open ur phone and have a notif badge on instagram, facebook, snapchat, and linkedin...which do you click first?"
350,0.212,Custom,you vote for? Hillary Clinton,Facebook,121,"You open ur phone and have a notif badge on instagram, facebook, snapchat, and linkedin...which do you click first?"
351,0.519,Custom,you vote for? Hillary Clinton,Snapchat,297,"You open ur phone and have a notif badge on instagram, facebook, snapchat, and linkedin...which do you click first?"
352,0.033,Custom,you vote for? Hillary Clinton,Linkedin,19,"You open ur phone and have a notif badge on instagram, facebook, snapchat, and linkedin...which do you click first?"
353,0.312,Custom,Graduation Year 2019,Instagram,103,"You open ur phone and have a notif badge on instagram, facebook, snapchat, and linkedin...which do you click first?"
354,0.167,Custom,Graduation Year 2019,Facebook,55,"You open ur phone and have a notif badge on instagram, facebook, snapchat, and linkedin...which do you click first?"
355,0.494,Custom,Graduation Year 2019,Snapchat,163,"You open ur phone and have a notif badge on instagram, facebook, snapchat, and linkedin...which do you click first?"
356,0.027,Custom,Graduation Year 2019,Linkedin,9,"You open ur phone and have a notif badge on instagram, facebook, snapchat, and linkedin...which do you click first?"
357,0.27,Custom,closely identify as? White,Instagram,237,"You open ur phone and have a notif badge on instagram, facebook, snapchat, and linkedin...which do you click first?"
358,0.176,Custom,closely identify as? White,Facebook,154,"You open ur phone and have a notif badge on instagram, facebook, snapchat, and linkedin...which do you click first?"
359,0.513,Custom,closely identify as? White,Snapchat,450,"You open ur phone and have a notif badge on instagram, facebook, snapchat, and linkedin...which do you click first?"
360,0.041,Custom,closely identify as? White,Linkedin,36,"You open ur phone and have a notif badge on instagram, facebook, snapchat, and linkedin...which do you click first?"
361,0.268,Custom,Mac or PC? Mac ,Instagram,171,"You open ur phone and have a notif badge on instagram, facebook, snapchat, and linkedin...which do you click first?"
362,0.183,Custom,Mac or PC? Mac ,Facebook,117,"You open ur phone and have a notif badge on instagram, facebook, snapchat, and linkedin...which do you click first?"
363,0.516,Custom,Mac or PC? Mac ,Snapchat,330,"You open ur phone and have a notif badge on instagram, facebook, snapchat, and linkedin...which do you click first?"
364,0.033,Custom,Mac or PC? Mac ,Linkedin,21,"You open ur phone and have a notif badge on instagram, facebook, snapchat, and linkedin...which do you click first?"
365,0.274,Custom,I'm in? Post-grad,Instagram,97,"You open ur phone and have a notif badge on instagram, facebook, snapchat, and linkedin...which do you click first?"
366,0.209,Custom,I'm in? Post-grad,Facebook,74,"You open ur phone and have a notif badge on instagram, facebook, snapchat, and linkedin...which do you click first?"
367,0.48,Custom,I'm in? Post-grad,Snapchat,170,"You open ur phone and have a notif badge on instagram, facebook, snapchat, and linkedin...which do you click first?"
368,0.037,Custom,I'm in? Post-grad,Linkedin,13,"You open ur phone and have a notif badge on instagram, facebook, snapchat, and linkedin...which do you click first?"
369,0.252,Custom,Mac or PC? PC ,Instagram,93,"You open ur phone and have a notif badge on instagram, facebook, snapchat, and linkedin...which do you click first?"
370,0.163,Custom,Mac or PC? PC ,Facebook,60,"You open ur phone and have a notif badge on instagram, facebook, snapchat, and linkedin...which do you click first?"
371,0.542,Custom,Mac or PC? PC ,Snapchat,200,"You open ur phone and have a notif badge on instagram, facebook, snapchat, and linkedin...which do you click first?"
372,0.043,Custom,Mac or PC? PC ,Linkedin,16,"You open ur phone and have a notif badge on instagram, facebook, snapchat, and linkedin...which do you click first?"
373,0.214,Custom,Graduation Year 2018,Instagram,39,"You open ur phone and have a notif badge on instagram, facebook, snapchat, and linkedin...which do you click first?"
374,0.264,Custom,Graduation Year 2018,Facebook,48,"You open ur phone and have a notif badge on instagram, facebook, snapchat, and linkedin...which do you click first?"
375,0.473,Custom,Graduation Year 2018,Snapchat,86,"You open ur phone and have a notif badge on instagram, facebook, snapchat, and linkedin...which do you click first?"
376,0.049,Custom,Graduation Year 2018,Linkedin,9,"You open ur phone and have a notif badge on instagram, facebook, snapchat, and linkedin...which do you click first?"
377,0.289,Custom,your parents make? > $240K,Instagram,56,"You open ur phone and have a notif badge on instagram, facebook, snapchat, and linkedin...which do you click first?"
378,0.186,Custom,your parents make? > $240K,Facebook,36,"You open ur phone and have a notif badge on instagram, facebook, snapchat, and linkedin...which do you click first?"
379,0.479,Custom,your parents make? > $240K,Snapchat,93,"You open ur phone and have a notif badge on instagram, facebook, snapchat, and linkedin...which do you click first?"
380,0.046,Custom,your parents make? > $240K,Linkedin,9,"You open ur phone and have a notif badge on instagram, facebook, snapchat, and linkedin...which do you click first?"
381,0.5,Custom,is your age? 35 or older,Instagram,1,"You open ur phone and have a notif badge on instagram, facebook, snapchat, and linkedin...which do you click first?"
382,0.5,Custom,is your age? 35 or older,Facebook,1,"You open ur phone and have a notif badge on instagram, facebook, snapchat, and linkedin...which do you click first?"
383,0,Custom,is your age? 35 or older,Snapchat,0,"You open ur phone and have a notif badge on instagram, facebook, snapchat, and linkedin...which do you click first?"
384,0,Custom,is your age? 35 or older,Linkedin,0,"You open ur phone and have a notif badge on instagram, facebook, snapchat, and linkedin...which do you click first?"
385,0,Custom,is your age? 31-34,Instagram,0,"You open ur phone and have a notif badge on instagram, facebook, snapchat, and linkedin...which do you click first?"
386,0,Custom,is your age? 31-34,Facebook,0,"You open ur phone and have a notif badge on instagram, facebook, snapchat, and linkedin...which do you click first?"
387,1,Custom,is your age? 31-34,Snapchat,1,"You open ur phone and have a notif badge on instagram, facebook, snapchat, and linkedin...which do you click first?"
388,0,Custom,is your age? 31-34,Linkedin,0,"You open ur phone and have a notif badge on instagram, facebook, snapchat, and linkedin...which do you click first?"
389,0.281,Custom,What's your leaning? In-between,Instagram,125,"You open ur phone and have a notif badge on instagram, facebook, snapchat, and linkedin...which do you click first?"
390,0.121,Custom,What's your leaning? In-between,Facebook,54,"You open ur phone and have a notif badge on instagram, facebook, snapchat, and linkedin...which do you click first?"
391,0.569,Custom,What's your leaning? In-between,Snapchat,253,"You open ur phone and have a notif badge on instagram, facebook, snapchat, and linkedin...which do you click first?"
392,0.029,Custom,What's your leaning? In-between,Linkedin,13,"You open ur phone and have a notif badge on instagram, facebook, snapchat, and linkedin...which do you click first?"
393,0.279,Custom,What's your leaning? Liberal ,Instagram,166,"You open ur phone and have a notif badge on instagram, facebook, snapchat, and linkedin...which do you click first?"
394,0.209,Custom,What's your leaning? Liberal ,Facebook,124,"You open ur phone and have a notif badge on instagram, facebook, snapchat, and linkedin...which do you click first?"
395,0.48,Custom,What's your leaning? Liberal ,Snapchat,285,"You open ur phone and have a notif badge on instagram, facebook, snapchat, and linkedin...which do you click first?"
396,0.032,Custom,What's your leaning? Liberal ,Linkedin,19,"You open ur phone and have a notif badge on instagram, facebook, snapchat, and linkedin...which do you click first?"
397,0.248,Custom,What's your leaning? Conservative ,Instagram,102,"You open ur phone and have a notif badge on instagram, facebook, snapchat, and linkedin...which do you click first?"
398,0.129,Custom,What's your leaning? Conservative ,Facebook,53,"You open ur phone and have a notif badge on instagram, facebook, snapchat, and linkedin...which do you click first?"
399,0.568,Custom,What's your leaning? Conservative ,Snapchat,234,"You open ur phone and have a notif badge on instagram, facebook, snapchat, and linkedin...which do you click first?"
400,0.056,Custom,What's your leaning? Conservative ,Linkedin,23,"You open ur phone and have a notif badge on instagram, facebook, snapchat, and linkedin...which do you click first?"
401,0.167,Custom,is your age? 25-30,Instagram,1,"You open ur phone and have a notif badge on instagram, facebook, snapchat, and linkedin...which do you click first?"
402,0.333,Custom,is your age? 25-30,Facebook,2,"You open ur phone and have a notif badge on instagram, facebook, snapchat, and linkedin...which do you click first?"
403,0.167,Custom,is your age? 25-30,Snapchat,1,"You open ur phone and have a notif badge on instagram, facebook, snapchat, and linkedin...which do you click first?"
404,0.333,Custom,is your age? 25-30,Linkedin,2,"You open ur phone and have a notif badge on instagram, facebook, snapchat, and linkedin...which do you click first?"
405,0.224,Custom,is your age? 18-24,Instagram,33,"You open ur phone and have a notif badge on instagram, facebook, snapchat, and linkedin...which do you click first?"
406,0.197,Custom,is your age? 18-24,Facebook,29,"You open ur phone and have a notif badge on instagram, facebook, snapchat, and linkedin...which do you click first?"
407,0.537,Custom,is your age? 18-24,Snapchat,79,"You open ur phone and have a notif badge on instagram, facebook, snapchat, and linkedin...which do you click first?"
408,0.041,Custom,is your age? 18-24,Linkedin,6,"You open ur phone and have a notif badge on instagram, facebook, snapchat, and linkedin...which do you click first?"
409,0.254,Custom,is your age? 15-17,Instagram,18,"You open ur phone and have a notif badge on instagram, facebook, snapchat, and linkedin...which do you click first?"
410,0.113,Custom,is your age? 15-17,Facebook,8,"You open ur phone and have a notif badge on instagram, facebook, snapchat, and linkedin...which do you click first?"
411,0.606,Custom,is your age? 15-17,Snapchat,43,"You open ur phone and have a notif badge on instagram, facebook, snapchat, and linkedin...which do you click first?"
412,0.028,Custom,is your age? 15-17,Linkedin,2,"You open ur phone and have a notif badge on instagram, facebook, snapchat, and linkedin...which do you click first?"
413,0.5,Custom,is your age? 14 or younger,Instagram,1,"You open ur phone and have a notif badge on instagram, facebook, snapchat, and linkedin...which do you click first?"
414,0,Custom,is your age? 14 or younger,Facebook,0,"You open ur phone and have a notif badge on instagram, facebook, snapchat, and linkedin...which do you click first?"
415,0.5,Custom,is your age? 14 or younger,Snapchat,1,"You open ur phone and have a notif badge on instagram, facebook, snapchat, and linkedin...which do you click first?"
416,0,Custom,is your age? 14 or younger,Linkedin,0,"You open ur phone and have a notif badge on instagram, facebook, snapchat, and linkedin...which do you click first?"
417,0.265,Custom,I'm in? College,Instagram,1116,"You open ur phone and have a notif badge on instagram, facebook, snapchat, and linkedin...which do you click first?"
418,0.169,Custom,I'm in? College,Facebook,711,"You open ur phone and have a notif badge on instagram, facebook, snapchat, and linkedin...which do you click first?"
419,0.537,Custom,I'm in? College,Snapchat,2265,"You open ur phone and have a notif badge on instagram, facebook, snapchat, and linkedin...which do you click first?"
420,0.03,Custom,I'm in? College,Linkedin,127,"You open ur phone and have a notif badge on instagram, facebook, snapchat, and linkedin...which do you click first?"
421,0.231,Custom,you vote for? Other,Instagram,9,"You open ur phone and have a notif badge on instagram, facebook, snapchat, and linkedin...which do you click first?"
422,0.154,Custom,you vote for? Other,Facebook,6,"You open ur phone and have a notif badge on instagram, facebook, snapchat, and linkedin...which do you click first?"
423,0.564,Custom,you vote for? Other,Snapchat,22,"You open ur phone and have a notif badge on instagram, facebook, snapchat, and linkedin...which do you click first?"
424,0.051,Custom,you vote for? Other,Linkedin,2,"You open ur phone and have a notif badge on instagram, facebook, snapchat, and linkedin...which do you click first?"
425,0.22,Custom,you vote for? Gary Johnson,Instagram,36,"You open ur phone and have a notif badge on instagram, facebook, snapchat, and linkedin...which do you click first?"
426,0.177,Custom,you vote for? Gary Johnson,Facebook,29,"You open ur phone and have a notif badge on instagram, facebook, snapchat, and linkedin...which do you click first?"
427,0.524,Custom,you vote for? Gary Johnson,Snapchat,86,"You open ur phone and have a notif badge on instagram, facebook, snapchat, and linkedin...which do you click first?"
428,0.079,Custom,you vote for? Gary Johnson,Linkedin,13,"You open ur phone and have a notif badge on instagram, facebook, snapchat, and linkedin...which do you click first?"
429,0.228,Custom,Are you? None/Other,Instagram,74,"You open ur phone and have a notif badge on instagram, facebook, snapchat, and linkedin...which do you click first?"
430,0.178,Custom,Are you? None/Other,Facebook,58,"You open ur phone and have a notif badge on instagram, facebook, snapchat, and linkedin...which do you click first?"
431,0.551,Custom,Are you? None/Other,Snapchat,179,"You open ur phone and have a notif badge on instagram, facebook, snapchat, and linkedin...which do you click first?"
432,0.043,Custom,Are you? None/Other,Linkedin,14,"You open ur phone and have a notif badge on instagram, facebook, snapchat, and linkedin...which do you click first?"
433,0.176,Custom,Are you? Muslim,Instagram,3,"You open ur phone and have a notif badge on instagram, facebook, snapchat, and linkedin...which do you click first?"
434,0.118,Custom,Are you? Muslim,Facebook,2,"You open ur phone and have a notif badge on instagram, facebook, snapchat, and linkedin...which do you click first?"
435,0.647,Custom,Are you? Muslim,Snapchat,11,"You open ur phone and have a notif badge on instagram, facebook, snapchat, and linkedin...which do you click first?"
436,0.059,Custom,Are you? Muslim,Linkedin,1,"You open ur phone and have a notif badge on instagram, facebook, snapchat, and linkedin...which do you click first?"
437,0.132,Custom,Are you? Jewish,Instagram,12,"You open ur phone and have a notif badge on instagram, facebook, snapchat, and linkedin...which do you click first?"
438,0.352,Custom,Are you? Jewish,Facebook,32,"You open ur phone and have a notif badge on instagram, facebook, snapchat, and linkedin...which do you click first?"
439,0.462,Custom,Are you? Jewish,Snapchat,42,"You open ur phone and have a notif badge on instagram, facebook, snapchat, and linkedin...which do you click first?"
440,0.055,Custom,Are you? Jewish,Linkedin,5,"You open ur phone and have a notif badge on instagram, facebook, snapchat, and linkedin...which do you click first?"
441,0.382,Custom,Sexual orientation? Bi,Instagram,26,"You open ur phone and have a notif badge on instagram, facebook, snapchat, and linkedin...which do you click first?"
442,0.162,Custom,Sexual orientation? Bi,Facebook,11,"You open ur phone and have a notif badge on instagram, facebook, snapchat, and linkedin...which do you click first?"
443,0.441,Custom,Sexual orientation? Bi,Snapchat,30,"You open ur phone and have a notif badge on instagram, facebook, snapchat, and linkedin...which do you click first?"
444,0.015,Custom,Sexual orientation? Bi,Linkedin,1,"You open ur phone and have a notif badge on instagram, facebook, snapchat, and linkedin...which do you click first?"
445,0.277,Custom,Sexual orientation? Straight,Instagram,266,"You open ur phone and have a notif badge on instagram, facebook, snapchat, and linkedin...which do you click first?"
446,0.132,Custom,Sexual orientation? Straight,Facebook,127,"You open ur phone and have a notif badge on instagram, facebook, snapchat, and linkedin...which do you click first?"
447,0.567,Custom,Sexual orientation? Straight,Snapchat,545,"You open ur phone and have a notif badge on instagram, facebook, snapchat, and linkedin...which do you click first?"
448,0.024,Custom,Sexual orientation? Straight,Linkedin,23,"You open ur phone and have a notif badge on instagram, facebook, snapchat, and linkedin...which do you click first?"
449,0.345,Custom,Sexual orientation? Gay,Instagram,10,"You open ur phone and have a notif badge on instagram, facebook, snapchat, and linkedin...which do you click first?"
450,0.172,Custom,Sexual orientation? Gay,Facebook,5,"You open ur phone and have a notif badge on instagram, facebook, snapchat, and linkedin...which do you click first?"
451,0.483,Custom,Sexual orientation? Gay,Snapchat,14,"You open ur phone and have a notif badge on instagram, facebook, snapchat, and linkedin...which do you click first?"
452,0,Custom,Sexual orientation? Gay,Linkedin,0,"You open ur phone and have a notif badge on instagram, facebook, snapchat, and linkedin...which do you click first?"
453,0.438,Custom,I'm in? Other,Instagram,14,"You open ur phone and have a notif badge on instagram, facebook, snapchat, and linkedin...which do you click first?"
454,0.125,Custom,I'm in? Other,Facebook,4,"You open ur phone and have a notif badge on instagram, facebook, snapchat, and linkedin...which do you click first?"
455,0.406,Custom,I'm in? Other,Snapchat,13,"You open ur phone and have a notif badge on instagram, facebook, snapchat, and linkedin...which do you click first?"
456,0.031,Custom,I'm in? Other,Linkedin,1,"You open ur phone and have a notif badge on instagram, facebook, snapchat, and linkedin...which do you click first?"
457,0.293,Custom,Are you? Christian,Instagram,123,"You open ur phone and have a notif badge on instagram, facebook, snapchat, and linkedin...which do you click first?"
458,0.169,Custom,Are you? Christian,Facebook,71,"You open ur phone and have a notif badge on instagram, facebook, snapchat, and linkedin...which do you click first?"
459,0.49,Custom,Are you? Christian,Snapchat,206,"You open ur phone and have a notif badge on instagram, facebook, snapchat, and linkedin...which do you click first?"
460,0.048,Custom,Are you? Christian,Linkedin,20,"You open ur phone and have a notif badge on instagram, facebook, snapchat, and linkedin...which do you click first?"
461,0.238,Custom,you vote for? Jill Stein,Instagram,5,"You open ur phone and have a notif badge on instagram, facebook, snapchat, and linkedin...which do you click first?"
462,0.143,Custom,you vote for? Jill Stein,Facebook,3,"You open ur phone and have a notif badge on instagram, facebook, snapchat, and linkedin...which do you click first?"
463,0.524,Custom,you vote for? Jill Stein,Snapchat,11,"You open ur phone and have a notif badge on instagram, facebook, snapchat, and linkedin...which do you click first?"
464,0.095,Custom,you vote for? Jill Stein,Linkedin,2,"You open ur phone and have a notif badge on instagram, facebook, snapchat, and linkedin...which do you click first?"
465,0.297,Custom,closely identify as? Black,Instagram,19,"You open ur phone and have a notif badge on instagram, facebook, snapchat, and linkedin...which do you click first?"
466,0.109,Custom,closely identify as? Black,Facebook,7,"You open ur phone and have a notif badge on instagram, facebook, snapchat, and linkedin...which do you click first?"
467,0.578,Custom,closely identify as? Black,Snapchat,37,"You open ur phone and have a notif badge on instagram, facebook, snapchat, and linkedin...which do you click first?"
468,0.016,Custom,closely identify as? Black,Linkedin,1,"You open ur phone and have a notif badge on instagram, facebook, snapchat, and linkedin...which do you click first?"
469,0.325,Custom,Sexual orientation? Confused,Instagram,13,"You open ur phone and have a notif badge on instagram, facebook, snapchat, and linkedin...which do you click first?"
470,0.2,Custom,Sexual orientation? Confused,Facebook,8,"You open ur phone and have a notif badge on instagram, facebook, snapchat, and linkedin...which do you click first?"
471,0.475,Custom,Sexual orientation? Confused,Snapchat,19,"You open ur phone and have a notif badge on instagram, facebook, snapchat, and linkedin...which do you click first?"
472,0,Custom,Sexual orientation? Confused,Linkedin,0,"You open ur phone and have a notif badge on instagram, facebook, snapchat, and linkedin...which do you click first?"
473,0.327,Custom,I'm in? Grad School,Instagram,80,"You open ur phone and have a notif badge on instagram, facebook, snapchat, and linkedin...which do you click first?"
474,0.139,Custom,I'm in? Grad School,Facebook,34,"You open ur phone and have a notif badge on instagram, facebook, snapchat, and linkedin...which do you click first?"
475,0.51,Custom,I'm in? Grad School,Snapchat,125,"You open ur phone and have a notif badge on instagram, facebook, snapchat, and linkedin...which do you click first?"
476,0.024,Custom,I'm in? Grad School,Linkedin,6,"You open ur phone and have a notif badge on instagram, facebook, snapchat, and linkedin...which do you click first?"
477,0.244,Custom,Graduation Year 2020,Instagram,51,"You open ur phone and have a notif badge on instagram, facebook, snapchat, and linkedin...which do you click first?"
478,0.148,Custom,Graduation Year 2020,Facebook,31,"You open ur phone and have a notif badge on instagram, facebook, snapchat, and linkedin...which do you click first?"
479,0.565,Custom,Graduation Year 2020,Snapchat,118,"You open ur phone and have a notif badge on instagram, facebook, snapchat, and linkedin...which do you click first?"
480,0.043,Custom,Graduation Year 2020,Linkedin,9,"You open ur phone and have a notif badge on instagram, facebook, snapchat, and linkedin...which do you click first?"
481,0.29,Custom,you vote for? Donald Trump,Instagram,90,"You open ur phone and have a notif badge on instagram, facebook, snapchat, and linkedin...which do you click first?"
482,0.1,Custom,you vote for? Donald Trump,Facebook,31,"You open ur phone and have a notif badge on instagram, facebook, snapchat, and linkedin...which do you click first?"
483,0.574,Custom,you vote for? Donald Trump,Snapchat,178,"You open ur phone and have a notif badge on instagram, facebook, snapchat, and linkedin...which do you click first?"
484,0.035,Custom,you vote for? Donald Trump,Linkedin,11,"You open ur phone and have a notif badge on instagram, facebook, snapchat, and linkedin...which do you click first?"
485,0.198,Custom,Graduation Year 2017,Instagram,23,"You open ur phone and have a notif badge on instagram, facebook, snapchat, and linkedin...which do you click first?"
486,0.216,Custom,Graduation Year 2017,Facebook,25,"You open ur phone and have a notif badge on instagram, facebook, snapchat, and linkedin...which do you click first?"
487,0.543,Custom,Graduation Year 2017,Snapchat,63,"You open ur phone and have a notif badge on instagram, facebook, snapchat, and linkedin...which do you click first?"
488,0.043,Custom,Graduation Year 2017,Linkedin,5,"You open ur phone and have a notif badge on instagram, facebook, snapchat, and linkedin...which do you click first?"
489,0.269,Custom,closely identify as? Other,Instagram,14,"You open ur phone and have a notif badge on instagram, facebook, snapchat, and linkedin...which do you click first?"
490,0.135,Custom,closely identify as? Other,Facebook,7,"You open ur phone and have a notif badge on instagram, facebook, snapchat, and linkedin...which do you click first?"
491,0.481,Custom,closely identify as? Other,Snapchat,25,"You open ur phone and have a notif badge on instagram, facebook, snapchat, and linkedin...which do you click first?"
492,0.115,Custom,closely identify as? Other,Linkedin,6,"You open ur phone and have a notif badge on instagram, facebook, snapchat, and linkedin...which do you click first?"
493,0.286,Custom,closely identify as? Native American,Instagram,2,"You open ur phone and have a notif badge on instagram, facebook, snapchat, and linkedin...which do you click first?"
494,0.286,Custom,closely identify as? Native American,Facebook,2,"You open ur phone and have a notif badge on instagram, facebook, snapchat, and linkedin...which do you click first?"
495,0.429,Custom,closely identify as? Native American,Snapchat,3,"You open ur phone and have a notif badge on instagram, facebook, snapchat, and linkedin...which do you click first?"
496,0,Custom,closely identify as? Native American,Linkedin,0,"You open ur phone and have a notif badge on instagram, facebook, snapchat, and linkedin...which do you click first?"
497,0.214,Custom,closely identify as? Asian,Instagram,25,"You open ur phone and have a notif badge on instagram, facebook, snapchat, and linkedin...which do you click first?"
498,0.239,Custom,closely identify as? Asian,Facebook,28,"You open ur phone and have a notif badge on instagram, facebook, snapchat, and linkedin...which do you click first?"
499,0.504,Custom,closely identify as? Asian,Snapchat,59,"You open ur phone and have a notif badge on instagram, facebook, snapchat, and linkedin...which do you click first?"
500,0.043,Custom,closely identify as? Asian,Linkedin,5,"You open ur phone and have a notif badge on instagram, facebook, snapchat, and linkedin...which do you click first?"
501,0.291,Custom,closely identify as? Hispanic,Instagram,16,"You open ur phone and have a notif badge on instagram, facebook, snapchat, and linkedin...which do you click first?"
502,0.145,Custom,closely identify as? Hispanic,Facebook,8,"You open ur phone and have a notif badge on instagram, facebook, snapchat, and linkedin...which do you click first?"
503,0.527,Custom,closely identify as? Hispanic,Snapchat,29,"You open ur phone and have a notif badge on instagram, facebook, snapchat, and linkedin...which do you click first?"
504,0.036,Custom,closely identify as? Hispanic,Linkedin,2,"You open ur phone and have a notif badge on instagram, facebook, snapchat, and linkedin...which do you click first?"
505,0.266,Custom,I'm in? High School,Instagram,360,"You open ur phone and have a notif badge on instagram, facebook, snapchat, and linkedin...which do you click first?"
506,0.063,Custom,I'm in? High School,Facebook,85,"You open ur phone and have a notif badge on instagram, facebook, snapchat, and linkedin...which do you click first?"
507,0.659,Custom,I'm in? High School,Snapchat,892,"You open ur phone and have a notif badge on instagram, facebook, snapchat, and linkedin...which do you click first?"
508,0.013,Custom,I'm in? High School,Linkedin,17,"You open ur phone and have a notif badge on instagram, facebook, snapchat, and linkedin...which do you click first?"
509,0.3,Custom,your parents make?  $50K-$90K,Instagram,79,"You open ur phone and have a notif badge on instagram, facebook, snapchat, and linkedin...which do you click first?"
510,0.11,Custom,your parents make?  $50K-$90K,Facebook,29,"You open ur phone and have a notif badge on instagram, facebook, snapchat, and linkedin...which do you click first?"
511,0.574,Custom,your parents make?  $50K-$90K,Snapchat,151,"You open ur phone and have a notif badge on instagram, facebook, snapchat, and linkedin...which do you click first?"
512,0.015,Custom,your parents make?  $50K-$90K,Linkedin,4,"You open ur phone and have a notif badge on instagram, facebook, snapchat, and linkedin...which do you click first?"
513,0.217,Custom,Mac or PC? Other ,Instagram,5,"You open ur phone and have a notif badge on instagram, facebook, snapchat, and linkedin...which do you click first?"
514,0.261,Custom,Mac or PC? Other ,Facebook,6,"You open ur phone and have a notif badge on instagram, facebook, snapchat, and linkedin...which do you click first?"
515,0.478,Custom,Mac or PC? Other ,Snapchat,11,"You open ur phone and have a notif badge on instagram, facebook, snapchat, and linkedin...which do you click first?"
516,0.043,Custom,Mac or PC? Other ,Linkedin,1,"You open ur phone and have a notif badge on instagram, facebook, snapchat, and linkedin...which do you click first?"
